taxa,Platform,Origin_country,Origin_continent,Subpopulation,PC1,PC2,PC3,PC4,PC5
PI472316,WGS,India,Asia,K3,-743.3204622,-327.4030301,-182.3733624,48.05354215,331.4698007
PI426797,WGS,Pakistan,Asia,K3,-741.9662751,-327.6400249,-185.3065476,49.95564382,336.5971962
PI472354,WGS,India,Asia,K3,-741.2877674,-324.0601552,-178.0362688,52.63521302,324.8869504
PI472320,WGS,India,Asia,K3,-739.7463487,-329.5459482,-187.6391057,45.54341246,337.3813172
PI472452,WGS,India,Asia,K3,-737.7201111,-329.6860398,-183.5570299,46.91537517,338.1583946
ILL2684,WGS,Iran,Asia,K3,-737.5537974,-324.2025167,-181.6784411,40.78108668,333.3940338
PI472119,WGS,India,Asia,K3,-731.7662447,-332.0098255,-190.1597695,37.50888029,318.7068582
PI472380,WGS,India,Asia,K3,-727.9504021,-330.0191264,-184.0278205,40.13538591,327.8823992
PI472195,WGS,India,Asia,K3,-724.3527418,-333.199601,-190.1191573,62.45937533,330.7290196
PI472339,WGS,India,Asia,K3,-722.6650058,-334.9812659,-192.5613255,61.76362513,331.3737173
ILL9951,WGS,Syria,Asia,K3,-722.1434275,-21.54119245,48.41548248,7.592446758,85.41041191
PI472340,WGS,India,Asia,K3,-720.7284427,-334.1178573,-192.2643959,65.22726645,323.400974
PI472188,WGS,India,Asia,K3,-720.4831863,-334.3519394,-191.2636371,61.09135073,332.6091541
PI472126,WGS,India,Asia,K3,-719.4581681,-339.2419582,-189.8546129,44.73270459,311.4981054
PI472535,WGS,India,Asia,K3,-718.6828812,-340.2801986,-194.4430143,59.66355535,342.4254655
PI472331,WGS,India,Asia,K3,-718.5128178,-337.8222205,-196.0198061,50.21549246,342.7690992
ILL213,WGS,Afganistan,Asia,K3,-711.2101202,-77.98012992,8.263571965,36.62126257,37.37187276
ILL8006,WGS,Syria,Asia,K3,-702.8176394,-282.863217,-128.4495843,40.60856392,290.4468877
ILL10865,WGS,Syria,Asia,K3,-701.8593381,46.47558322,53.52879551,-26.96916066,43.28745423
ILL10866,WGS,Syria,Asia,K3,-699.1248752,36.14688852,49.53885038,-9.031405126,52.26437198
ILL358,WGS,Mexico,North America,K3,-699.071535,38.39238193,64.90965556,23.01022842,58.25114014
PI431705,WGS,Iran,Asia,K3,-696.0470977,-301.9540565,-48.59167848,-57.61183666,-302.7887432
PI431753,WGS,Iran,Asia,K3,-688.3231293,-309.7172221,-54.91827299,-46.45364764,-312.645403
PI431624,WGS,Iran,Asia,K3,-687.4538936,-301.768909,-37.8211948,-60.58777028,-311.1745944
ILL1460,WGS,Iran,Asia,K3,-687.4315578,30.07171346,15.83622845,75.55590415,58.67322705
ILL906,WGS,Iran,Asia,K3,-685.4716512,-296.893552,-38.06350246,-53.55261213,-313.6279296
PI431712,WGS,Iran,Asia,K3,-682.6708984,-302.4677247,-48.67452326,-51.87865596,-299.3800797
ILL10947,WGS,Syria,Asia,K3,-682.0235831,68.28621646,51.93134339,17.80397384,61.92997661
PI426807,WGS,Pakistan,Asia,K3,-677.124342,-285.2822418,-38.91878662,-9.946195268,-293.3880798
ILL217,WGS,Afganistan,Asia,K3,-675.6595218,-295.4090055,-125.1109809,-15.62331355,-10.08797895
ILL10864,WGS,Syria,Asia,K3,-674.152288,61.98386688,70.94703425,13.84834118,63.15762141
ILL10863,WGS,Syria,Asia,K3,-672.2311697,84.7911539,63.41885699,12.49633113,67.15141311
ILL10284,WGS,Syria,Asia,K3,-658.5382912,23.05295776,29.67922519,61.76879591,65.70360827
PI472590,WGS,Lebanon,Asia,K3,-638.9086837,-288.891565,-33.80643206,29.63674682,-301.1273108
PI431873,WGS,Iran,Asia,K3,-631.9933345,-301.8218295,-52.60530166,43.19800878,-291.2491788
ILL186,WGS,Turkey,Asia,K3,-630.4008176,-152.1598698,-18.33883906,85.95783962,55.16184854
PI431739,WGS,Iran,Asia,K3,-625.0439692,-257.9486088,-0.621639765,101.2504182,-297.2477334
PI606570,WGS,Iraq,Asia,K3,-616.8033811,-169.2945856,-25.55242193,98.39882594,5.353877148
PI472213,WGS,India,Asia,K3,-614.2390708,-305.6624886,-101.9764052,145.650887,-82.25287075
PI431888,WGS,Iran,Asia,K3,-596.1154629,-307.9114912,-59.02348663,73.19805268,-275.9347275
PI432000,WGS,Iran,Asia,K3,-593.8112656,-296.7579347,-37.52155297,51.99676775,-286.3393743
PI577168,WGS,Iraq,Asia,K3,-591.4574236,-73.89769805,-8.397624258,-70.59367824,148.2432944
PI431714,WGS,Iran,Asia,K3,-562.2214456,-159.6695258,71.62292187,180.6774238,-295.5873402
ILL1474,WGS,Iran,Asia,K3,-550.6238716,-183.7729637,41.19364995,112.9564759,-294.4609877
ILL8007,GBS,Syria,Asia,K3,-548.9606537,-97.07518403,76.0499062,-43.77953147,117.0852458
ILL482,WGS,Lebanon,Asia,K1,-544.4196972,154.164228,277.3643264,-370.9720631,-68.12471086
ILL86,GBS,Armenia,Asia,K3,-539.5337907,-270.6389683,18.37283056,11.99051399,-188.4331547
PI432059,WGS,Iran,Asia,K3,-538.5905601,-130.1139366,118.2622088,85.64613101,-284.8983359
PI431980,WGS,Iran,Asia,K3,-538.1411327,-135.02098,113.5262521,162.0440174,-272.7219744
ILL7978,GBS,Syria,Asia,K1,-536.1332111,2.901496787,116.7466376,-124.7513979,129.3075951
ILL6848,GBS,Syria,Asia,K3,-533.5948081,-281.0252126,3.922801095,0.797525594,-189.6451787
W627768,WGS,United States,North America,K1,-530.0115734,377.947663,48.555261,-344.4199963,-51.2370767
ILL1940,WGS,Morocco,Africa,K1,-526.8356211,311.2169619,9.067451802,-268.6738272,-68.35221974
ILL4886,GBS,Iran,Asia,K3,-523.5635007,-260.0431879,7.315897591,63.38485569,-140.4030449
ILL5582,WGS,Syria,Asia,K1,-523.1182074,243.4470363,305.0352491,-167.5779548,108.5107808
W627761,WGS,United States,North America,K1,-518.1460949,338.1279505,74.97703578,-312.0945857,-71.92451076
ILL537,WGS,Turkey,Asia,K3,-515.1951269,-56.66447733,136.6658109,82.86422019,-208.5873578
L24,WGS,Morocco,Africa,K2,-513.3498323,120.801222,29.0836291,160.3384682,31.09135641
ILL211,WGS,Greece,Europe,K1,-511.4986168,151.9095908,280.0343242,-388.9877234,-63.50205972
ILL6783,WGS,ICARDA,Asia,K1,-506.3983057,367.6236333,51.43710702,-274.3364463,-8.837268164
ILL4152,GBS,India,Asia,K3,-504.1840236,-222.4121913,73.7374233,67.26903696,-172.9747745
ILL486,WGS,Jordan,Asia,K1,-493.7027125,256.327071,307.643942,-196.7181437,83.57273893
ILL10826,WGS,ICARDA,Asia,K1,-492.5671862,380.3841062,98.09506406,-294.2767577,27.9586643
ILL1939,WGS,Morocco,Africa,K1,-487.4182652,341.2063019,77.05371427,-341.0157768,-180.2760758
ILL7686,WGS,ICARDA,Asia,K1,-483.9740325,345.1087219,81.55151532,-313.3033633,-192.3150369
PI420818,WGS,Greece,Europe,K1,-481.9441379,261.5397245,428.0072503,-344.3795366,51.25519817
ILL5537,WGS,Mexico,North America,K1,-477.5185087,249.2237112,278.371689,-141.706124,53.65120264
ILL969,WGS,Iran,Asia,K1,-476.5960287,95.41778438,341.6379063,-107.1599971,-140.2847495
PI431893,WGS,Iran,Asia,K3,-474.0369743,-197.9848409,13.5451526,164.3669921,-173.81513
ILL2230,GBS,Yugoslavia (Former),Europe,K1,-468.8161505,117.8391213,113.6395771,-92.31421678,-73.24718725
ILL8614,WGS,ICARDA,Asia,K1,-467.3497412,386.0558208,50.71324797,-281.7612956,-40.08785085
ILL6750,GBS,Syria,Asia,K1,-466.4973965,276.5854527,53.5416999,-160.8249401,12.64944236
ILL10810,WGS,ICARDA,Asia,K1,-460.5744693,451.3767825,162.8697711,-110.6692145,32.47845847
ILL10825,WGS,ICARDA,Asia,K1,-455.5117637,424.8955748,157.7137773,-163.685315,-45.82027441
ILL6870,GBS,Syria,Asia,K1,-453.6329221,243.806065,97.91232633,-199.8148286,-9.594504312
ILL10690,WGS,ICARDA,Asia,K1,-450.4569395,336.7167996,72.65735865,-198.3303669,-135.2158791
ILL167,WGS,Turkey,Asia,K2,-449.8408939,105.2788617,-174.7839827,262.387002,-140.8304316
ILL344,WGS,Italy,Europe,K2,-448.4757743,91.52704758,-89.71904905,218.8073228,-303.4801075
ILL1220,WGS,Iran,Asia,K3,-448.3411351,15.03452848,-172.8432632,289.3312415,-266.8914984
ILL312,WGS,Greece,Europe,K1,-445.1188143,179.9592127,306.1978077,-69.05393561,116.1163706
ILL5988,WGS,UNK,UNK,K1,-443.1465863,324.0896846,88.44124308,-166.9914883,-0.023558977
ILL6281,GBS,Yemen,Asia,K3,-437.9308341,-148.8773969,137.5951166,161.5793905,-183.9245553
ILL590,WGS,Turkey,Asia,K2,-434.6932705,94.95969957,-100.2319832,276.8782956,-359.9256057
ILL589,WGS,Turkey,Asia,K2,-426.9275827,51.50664855,-174.226812,325.992597,-285.4917826
ILL151,WGS,Turkey,Asia,K2,-424.4999511,68.30818202,-154.4179964,269.6908752,-368.9768956
ILL6415,GBS,UNK,UNK,K1,-422.2560234,157.0707365,264.4686659,-104.0692922,62.26815218
ILL440,WGS,Chile,South America,K1,-420.760938,235.689967,437.8086886,-284.5563083,78.39304557
PI432259,WGS,Türkiye,Asia,K2,-420.1310396,83.35343303,-103.5546367,222.4054436,-340.6259234
ILL567,WGS,Turkey,Asia,K2,-415.2249576,56.54455875,-170.0807974,339.5763257,-332.6751492
ILL6199,WGS,UNK,UNK,K1,-411.8400771,270.599039,352.5914375,-77.61733424,126.5872762
ILL507,WGS,Tunisia,Africa,K1,-410.5970189,467.0969412,254.9359543,-159.6264372,12.04915567
ILL8114,GBS,Pakistan,Asia,K1,-397.6266718,377.3648836,111.1177253,-58.02353264,46.05656603
ILL7979,GBS,Syria,Asia,K3,-389.0968829,132.4940226,-44.78595845,58.41919622,61.48759885
ILL241,WGS,Syria,Asia,K1,-372.8756491,240.4862544,294.3529795,-81.59275841,134.841842
ILL4841,GBS,Albania,Europe,K1,-356.6420639,125.0021555,281.31875,-87.49153066,107.3013915
ILL341,WGS,Italy,Europe,K2,-339.4051744,292.2803811,66.41667919,46.42004149,-134.9899023
ILL3485,GBS,Nepal,Asia,K3,-322.5610296,-165.1525081,55.60153893,254.9881441,96.96465393
ILL454,WGS,Chile,South America,K1,-277.4426787,251.0742515,431.0073388,-60.36034336,178.0406557
ILL1924,WGS,Chile,South America,K1,-263.0549376,233.6477763,385.421022,-36.1137177,173.9012155
ILL1938,WGS,Morocco,Africa,K2,-251.5645384,300.6691215,70.46721727,163.3990381,75.64651624
ILL353,WGS,Mexico,North America,K2,-250.1422961,278.8710175,93.34132864,351.4462637,105.6903471
ILL359,WGS,Chile,South America,K1,-248.6001596,475.3045587,278.2725929,-42.79688547,118.7203944
ILL360,WGS,Chile,South America,K1,-248.5664637,475.455198,278.2849615,-42.58326397,118.8096954
PI299121,WGS,Mexico,North America,K2,-241.7384725,285.479772,96.42724797,286.7675004,117.9738455
ILL469,WGS,Chile,South America,K2,-233.2348154,447.8462215,197.9577732,51.77456233,99.3862896
ILL6994,GBS,Syria,Asia,K2,-226.5407074,8.057197214,279.1021222,254.45989,36.61835383
ILL8010,GBS,Nepal,Asia,K2,-224.2054932,-55.73177663,244.6719365,240.9384994,-57.2862666
ILL357,WGS,Mexico,North America,K2,-221.0023847,266.2325869,68.22777804,367.6121818,92.47141915
ILL6126,GBS,Tajikistan,Asia,K2,-214.367567,163.4437762,-40.64395906,358.1125932,-19.63299433
ILL324,WGS,Serbia,Europe,K2,-211.8127862,121.9858248,268.157338,228.9087247,137.0749685
ILL769,GBS,Iran,Asia,K2,-210.4235478,150.2968059,-24.09243418,384.3819876,-49.56301814
ILL4819,GBS,Russia,Europe,K2,-206.1390674,152.3789566,-27.34709567,385.3502333,-46.06282787
ILL7012,GBS,Syria,Asia,K2,-199.3153467,14.19200176,217.0513579,268.4459805,77.36939798
PI299289,WGS,Chile,South America,K1,-196.347704,508.1645267,268.0427406,-81.90490905,61.61481724
PI518731,WGS,Brazil,South America,K2,-192.4343372,324.368149,72.40522031,230.0798117,78.96670124
ILL4605,GBS,Argentina,South America,K2,-182.8848786,-29.40226154,250.4906142,259.94739,44.35698035
ILL7981,GBS,Syria,Asia,K2,-181.5040643,-37.98413843,265.5673728,272.3764076,42.39647915
ILL435,WGS,Chile,South America,K2,-174.3055072,441.9287514,228.2598971,23.58809923,39.77215622
PI431774,WGS,Iran,Asia,K2,-172.948165,403.7504182,133.2172132,128.867289,64.34979306
ILL413,WGS,Chile,South America,K2,-171.6777828,405.0477376,155.6257859,82.05787824,102.8304875
PI468901,WGS,Brazil,South America,K2,-171.1521583,318.0897344,9.587984184,253.1611516,13.56741372
ILL3517,GBS,India,Asia,K8,-162.0580533,59.68310848,-413.7888022,-108.8002425,200.2999026
ILL508,WGS,Italy,Europe,K2,-158.9093429,254.6147332,82.63929807,263.3058585,-69.50597962
ILL1922,WGS,Argentina,South America,K2,-150.4854557,306.8839864,103.9324258,360.0793744,-39.95214004
ILL1947,WGS,Serbia,Europe,K2,-137.6230892,153.1884918,-43.81269039,494.5047551,-78.54277378
ILL600,WGS,Russia,Europe,K2,-136.0174957,27.98590026,226.3907918,319.5235445,63.44853391
ILL4164,GBS,India,Asia,K7,-128.647291,163.6303444,-288.1110022,-75.57441551,50.02148009
PI476365,WGS,Ukraine,Europe,K2,-114.6614264,206.6491674,44.9511447,408.0019808,-11.62747915
PI471916,WGS,Canada,North America,K2,-101.6718867,292.9994225,-44.29608968,323.2699174,77.68616667
ILL4345,GBS,UNK,UNK,K6,-97.43526783,-14.71827596,-233.2570343,-23.83945419,170.1785715
ILL1959,GBS,Ethiopia,Africa,K8,-96.16202796,62.53391331,-323.1881647,-145.6287521,-189.2009293
ILL3487,GBS,Nepal,Asia,K7,-65.86672465,42.48181834,-319.1657393,-79.45842328,136.4086309
ILL6001,WGS,UNK,UNK,K2,-58.85318509,240.8896766,43.74714348,408.0056276,-32.53807252
ILL4831,GBS,Germany,Europe,K8,4.87593429,37.46602218,-388.1052204,-77.96939845,108.5806829
ILL343,GBS,Italy,Europe,K7,7.933635359,92.61390907,-338.3112698,-129.3084336,11.03191485
ILL2406,GBS,Iran,Asia,K8,11.57411848,80.29810521,-287.0967628,-77.95573902,-131.7547564
ILL4774,GBS,Romania,Europe,K8,22.04076366,222.4800191,-231.0353219,98.32627278,-37.70862607
PI207492,GBS,Afghanistan,Asia,K7,24.51001777,-72.48682663,-221.8087776,-178.5775729,5.036843159
PI472372,GBS,India,Asia,K6,27.81818016,-327.4235538,-74.98049454,-92.34380538,167.9210418
ILL5533,GBS,Greece,Europe,K8,34.56716879,250.0455952,-148.7853926,-192.9063127,31.64867647
ILL5151,GBS,India,Asia,K8,34.63414896,287.6277986,-164.3109559,-207.412603,-34.37231658
PI251248,GBS,Egypt,Africa,K10,38.67450133,182.1641652,-6.168551028,-270.0193594,-19.93829739
ILL4782,GBS,Norway,Europe,K8,42.87582836,91.19892262,-342.9068069,-85.12389513,-137.4704243
PI472327,GBS,India,Asia,K6,45.98279217,-328.2723262,-78.683957,-79.67289602,238.0215545
ILL257,GBS,Hungary,Europe,K8,49.08098924,280.4313691,-167.7580065,-82.33995228,21.46138704
ILL4830,GBS,Russia,Europe,K10,51.37737928,284.9629624,-166.3363372,-257.2793606,-44.39379198
PI250158,GBS,Pakistan,Asia,K6,52.19737348,-146.649426,-246.076864,-89.06677193,223.8052285
PI299351,GBS,Chile,South America,K9,54.24230287,-328.8106849,-36.61332109,-153.571055,-175.4635814
ILL1649,GBS,Colombia,South America,K10,55.39182282,344.667563,-67.98028651,-168.7552083,61.69056109
ILL5505,GBS,Sudan,Africa,K8,60.71088504,61.67235825,-328.1316133,-74.43922418,-233.0025486
PI432033,GBS,Iran,Asia,K9,63.98462998,-356.3476865,-35.2765552,-143.568307,-170.5890143
ILL950,GBS,Yemen,Asia,K4,66.54045802,15.59288667,-103.147482,-15.76502671,-144.5627672
ILL4781,GBS,Algeria,Africa,K10,66.61397086,344.7929473,-46.70793444,-193.4807194,-7.792858026
PI472383,GBS,India,Asia,K6,68.07836468,-331.1402188,-81.49804521,-90.04067859,211.1504856
ILL224,GBS,Belgium,Europe,K8,69.35057873,253.1099912,-166.2225729,-134.8615874,-4.212935729
PI212100,GBS,Afghanistan,Asia,K7,69.47239277,-97.75027396,-218.6460077,-153.8655535,13.54002349
ILL5416,GBS,Italy,Europe,K8,69.99311694,71.20573317,-338.0573639,-111.4069263,-182.7061759
ILL4875,GBS,Uzbekistan,Asia,K8,70.0289603,69.37716298,-367.9471183,-59.62918406,-117.0748931
PI193547,GBS,Ethiopia,Africa,K7,74.69749127,-61.29434716,-199.2922941,-146.0581609,17.36332368
ILL1097,GBS,Iran,Asia,K8,77.5209307,72.97510985,-332.3549021,-132.7184704,-187.5598595
PI297787,GBS,Greece,Europe,K7,78.78811128,-76.24589338,-181.6430126,-102.112002,-44.32932774
PI472416,GBS,India,Asia,K6,81.07866234,-348.4658798,-79.68499096,-128.6298854,213.9505895
PI472136,GBS,India,Asia,K6,82.42704039,-343.13382,-106.8814806,-129.5368828,244.2530433
ILL82,GBS,Ukraine,Europe,K9,84.43212346,-81.56657249,-247.0146589,-138.5470837,-130.2269813
ILL1861,GBS,Sudan,Africa,K8,84.53262734,312.8125012,-115.8909019,-108.243032,-58.36340214
ILL4409,GBS,Czech Republic,Europe,K8,86.28613266,223.3434368,-36.93563504,83.97339916,62.61575246
PI182217,GBS,Türkiye,Asia,K7,87.07850182,-56.58623665,-171.018908,-99.06207112,-91.0797686
PI193548,GBS,Ethiopia,Africa,K10,87.45008519,149.0737481,-10.15389766,-269.453811,-24.55765609
ILL5261,GBS,Jordan,Asia,K8,89.26330984,275.9145997,-167.3307496,-188.2751086,-69.8072886
ILL304,GBS,Greece,Europe,K8,90.19496577,277.9436894,-207.0334483,100.6277986,25.09624319
PI250156,GBS,Pakistan,Asia,K6,92.23299596,-136.0069131,-237.8033042,-62.98415618,233.5509997
ILL890,GBS,Cyprus,Asia,K10,92.42306004,125.7744168,-29.03575984,-158.0360587,-27.17337326
ILL1013,GBS,Iran,Asia,K10,93.52084715,346.0539129,-42.70424068,-185.7976435,52.52599816
PI432028,GBS,Iran,Asia,K9,93.96807217,-366.8718198,-64.23052371,-135.2860463,-176.1163047
ILL598,GBS,Russia,Europe,K8,95.26454072,73.49525137,-347.1325649,-124.520072,-138.8189056
ILL5028,GBS,Spain,Europe,K8,96.51031282,299.6909642,-189.7742818,89.44914476,19.13638815
PI217949,GBS,Pakistan,Asia,K7,98.05956846,-141.8911823,-247.950028,-77.17979826,176.4086194
ILL494,GBS,Guatemala,North America,K8,98.91277413,365.1633555,-75.97104877,-43.30069222,-37.35421761
PI431756,GBS,Iran,Asia,K9,99.35693485,-284.3790617,-28.87230854,-117.0961551,-160.8369384
PI181771,GBS,Lebanon,Asia,K7,100.0418179,-46.21269972,-194.9195655,-123.5956532,18.62773808
ILL840,GBS,Lebanon,Asia,K10,102.6384442,230.1867882,62.71150295,-215.4734167,-18.09111714
ILL5384,GBS,Jordan,Asia,K8,103.2455673,300.5929398,-147.9262021,-146.1551035,-60.29428005
ILL223,GBS,Iran,Asia,K8,105.1830043,182.9337542,-225.4646395,22.93526153,-118.8305619
PI178971,GBS,Türkiye,Asia,K7,107.8080098,-75.55953866,-204.9593846,-140.6213852,13.02005577
PI472569,GBS,Egypt,Africa,K6,108.163198,-327.8424873,-80.64230901,-119.5904256,219.7066802
PI431731,GBS,Iran,Asia,K9,109.0945036,-337.4352527,-49.99462174,-127.9913613,-189.4836479
ILL71,GBS,Türkiye,Asia,K10,109.9943539,203.260536,39.32981468,-129.9843763,53.70347051
ILL1890,GBS,Tunisia,Africa,K8,110.0129987,325.2416658,-90.08767596,-19.79589796,-83.30872268
ILL2297,GBS,Pakistan,Asia,K8,113.2517834,272.5249181,-210.206586,96.76408551,48.65582738
PI472549,GBS,India,Asia,K6,114.5630453,-338.2125481,-75.83659278,-122.9830247,212.480327
ILL1706,GBS,Ethiopia,Africa,K8,114.7446642,153.7816466,-256.4373505,-93.99552245,-111.4001523
W627763,GBS,United States,North America,K10,114.7772501,7.423803886,195.6400708,-247.7918166,-27.78321675
PI280686,GBS,Egypt,Africa,K10,116.9150714,178.0808058,32.36391582,-211.820088,17.20791404
ILL597,GBS,Russia,Europe,K8,117.8671002,317.5720615,-115.4372278,-179.2228708,-28.85495646
PI426202,GBS,Afghanistan,Asia,K9,118.9865519,-287.3587684,-39.27161882,-138.1816218,-39.42357673
PI472274,GBS,India,Asia,K6,119.2251668,-341.1042182,-102.2300097,-99.38701064,238.8645785
ILL918,GBS,Tunisia,Africa,K8,119.4741162,79.56649942,-76.18492263,78.79230792,-16.41301288
ILL502,GBS,Mexico,North America,K8,119.8129654,312.046794,-167.9268852,55.45791148,33.0830069
PI289077,GBS,Hungary,Europe,K10,122.0057899,150.7240541,-2.746078209,-242.3022591,11.66234009
ILL158,GBS,Syria,Asia,K8,122.3141623,223.9142153,-203.6954573,53.31399931,-108.460165
PI431679,GBS,Iran,Asia,K9,122.7489311,-341.1364535,-13.77294423,-74.80209012,-164.6592673
ILL4606,GBS,Palestine,Asia,K8,123.8085804,316.185441,-133.3866655,-78.53335054,32.44503965
ILL4671,GBS,United States,North America,K8,125.0242116,336.5246042,-98.30411867,-93.39746248,-26.52017891
ILL5509,GBS,Syria,Asia,K8,125.1732864,320.1924784,-106.6406954,-203.2908287,-23.78706174
ILL4804,GBS,Libya,Africa,K8,126.2748797,303.0918558,-173.3408068,-1.996408249,9.849230108
PI432147,GBS,Iran,Asia,K9,128.2091164,-298.8967361,-53.5729272,-102.8925056,-148.8003871
ILL5968,GBS,Cyprus,Asia,K8,128.4105195,325.0704499,-104.6401264,-139.6373717,-106.5729273
PI211602,GBS,Afghanistan,Asia,K7,130.9110746,-75.30702701,-168.653147,-88.68099444,-94.89970708
PI472562,GBS,India,Asia,K6,131.7432835,-334.640865,-92.85474616,-102.0747059,234.8990574
PI472484,GBS,India,Asia,K6,133.0184416,-327.618448,-69.73375837,-115.8157836,240.8799771
ILL931,GBS,India,Asia,K8,133.5766898,151.1704978,-57.93370448,86.56446485,16.37659673
PI472224,GBS,India,Asia,K6,134.5776409,-324.9850299,-80.28491874,-91.2635002,265.1793298
PI181886,GBS,Syria,Asia,K10,134.6718823,198.3026842,-49.68735809,-140.8040993,55.31280417
ILL1949,GBS,Serbia,Europe,K8,135.5100987,240.6719231,-221.2503173,152.6911335,5.109764423
PI299237,GBS,Chile,South America,K9,139.2621732,-241.4957093,60.50287072,-90.21976786,-119.4968186
ILL4956,GBS,Portugal,Europe,K8,139.3600358,237.3521588,-154.9778883,204.5232759,-73.89200542
ILL4738,GBS,Canada,North America,K8,139.8087154,292.6014608,-173.5060998,149.863218,-16.75650945
PI431684,GBS,Iran,Asia,K9,140.0137206,-328.006708,-26.39211967,-85.24028642,-170.5752892
PI431717,GBS,Iran,Asia,K9,140.2998556,-330.6745979,-47.62735879,-108.1866771,-184.8857931
PI472175,GBS,India,Asia,K6,140.6106855,-337.0778706,-81.9819561,-102.7808128,178.6170493
PI431675,GBS,Iran,Asia,K9,140.8006976,-341.4974449,-24.64766018,-108.5505409,-174.3224604
PI431728,GBS,Iran,Asia,K9,142.9411398,-327.0229885,-35.12209454,-110.5522539,-182.4494668
ILL2231,GBS,Yugoslavia (Former),Europe,K8,144.0195599,139.2679929,-294.0990981,46.00809662,61.48574341
PI431663,GBS,Iran,Asia,K9,145.7534707,-323.7127872,13.07267734,-91.59611973,-195.412931
PI339283,GBS,Türkiye,Asia,K6,146.8430689,-246.6343953,2.466708912,-128.8072934,14.30341503
PI431710,GBS,Iran,Asia,K9,148.7300716,-322.692456,1.438062622,-100.6254789,-179.2508434
PI432236,GBS,Jordan,Asia,K9,150.9077219,-320.8811171,-33.92941825,-117.4267649,-194.8429531
PI472488,GBS,India,Asia,K6,152.40595,-330.2644436,-73.87447701,-110.7142353,244.6519556
PI472559,GBS,India,Asia,K6,152.4962109,-288.8692407,-61.0741663,-100.2670406,201.8869499
PI431863,GBS,Iran,Asia,K9,152.6947831,-287.1221299,47.66408453,-103.614521,-157.9883237
PI299164,GBS,Chile,South America,K5,153.8521027,-55.4271962,158.4914628,-5.206954175,98.20313352
ILL556,GBS,Turkey,Asia,K8,155.0062211,112.6577573,-287.8912608,-90.79043419,19.72057251
PI163589,GBS,Guatemala,North America,K10,155.684929,230.5652028,143.5504589,-178.1736464,17.7509365
PI431923,GBS,Iran,Asia,K9,157.5870343,-331.6135812,-30.3092903,-62.95806681,-136.1496535
PI431666,GBS,Iran,Asia,K9,158.2249364,-335.7357388,-7.417588857,-93.5575611,-189.0537147
ILL7108,GBS,Afghanistan,Asia,K10,159.0961668,176.6411112,-11.26627307,-234.1440594,-48.02573368
PI420929,GBS,Jordan,Asia,K10,159.5115388,34.41890153,211.0990225,-279.8312717,-12.65854235
PI251032,GBS,Iran,Asia,K10,160.2584779,136.7768245,38.93123918,-26.02662311,40.56920278
ILL1671,GBS,Azerbaijan,Asia,K8,161.8039795,219.7559654,-177.5655614,160.8060093,-48.65176374
PI472458,GBS,India,Asia,K6,162.6615632,-280.8378095,-41.82602807,-98.89095279,224.8372105
PI179324,GBS,Syria,Asia,K7,165.6941229,-21.90611674,-133.505662,-99.36630234,63.22533331
ILL550,GBS,Turkey,Asia,K8,165.9480956,234.783132,-215.2374632,53.73698102,-11.39794927
PI244046,GBS,Yemen,Asia,K10,166.2758357,182.9516458,2.175162605,-112.779219,14.91220131
PI299215,GBS,Chile,South America,K5,167.2983024,-156.7790065,101.0149634,-9.355568263,-40.37928242
PI420924,GBS,Jordan,Asia,K10,168.0182555,-35.6531899,181.454536,-160.4010613,81.78410312
ILL5519,GBS,Greece,Europe,K8,168.3987951,229.1706974,-199.4357682,89.93896902,6.107171346
PI472194,GBS,India,Asia,K6,169.7782068,-303.9074235,-59.86355003,-108.0327343,220.2416244
ILL5956,GBS,Ethiopia,Africa,K8,170.4604198,201.9494396,-255.8530604,16.92579406,-14.76410875
PI431633,GBS,Iran,Asia,K9,172.5266929,-304.5515378,-16.03825052,-68.7665908,-153.4624153
PI431622,GBS,Iran,Asia,K9,174.5069347,-338.2782379,-23.31802705,-108.1201138,-175.213201
PI238758,GBS,Belgium,Europe,K5,174.8582394,90.06166024,-13.79110293,73.96545039,74.83524533
ILL7774,GBS,Bangladesh,Asia,K6,175.471777,-20.57906435,-209.5157441,-42.57411563,135.4437627
PI472561,GBS,India,Asia,K6,176.1424396,-322.5750633,-88.28813337,-108.9173001,175.5203761
PI472200,GBS,India,Asia,K6,176.2912864,-317.3322183,-79.25613541,-89.77026687,228.8320532
PI431987,GBS,Iran,Asia,K4,176.4498998,-274.7027144,39.03684955,-25.50369257,-118.8889211
PI370481,GBS,Serbia,Europe,K10,177.6789706,122.5952689,17.78946551,-160.9842558,-19.22423972
ILL7650,GBS,Pakistan,Asia,K7,178.031771,15.56394232,-182.5466301,-100.0040593,-96.99987752
ILL7070,GBS,Syria,Asia,K8,178.3819452,239.7299565,-70.66300888,-90.65288935,14.15189624
ILL858,GBS,Algeria,Africa,K8,179.2871295,142.1054551,-81.86346003,126.2117035,36.0718993
ILL191,GBS,Lebanon,Asia,K8,179.8736658,240.5728724,-207.4369662,114.2943707,-65.8543843
ILL7090,GBS,Ukraine,Europe,K10,180.2419558,140.1427984,-10.88855948,-45.11100912,8.990469435
PI429838,GBS,Iran,Asia,K4,180.2479756,-234.9905967,93.26969436,-16.89814656,-167.9248545
PI472400,GBS,India,Asia,K6,180.261617,-279.8615116,-58.04078459,-59.45197307,229.2283347
PI472205,GBS,India,Asia,K6,180.5344157,-294.5904205,-51.91599999,-111.193128,248.4242763
PI320941,GBS,Ethiopia,Africa,K9,180.7182048,-324.3992801,-5.219295339,-64.10123614,-167.7617915
ILL5626,GBS,Lebanon,Asia,K8,181.2742863,281.5503317,-149.6822664,-145.1159342,-26.14975845
ILL5424,GBS,Poland,Europe,K8,181.7867579,239.3939514,-229.7951936,174.553769,-10.28015104
ILL4791,GBS,Iran,Asia,K8,183.0691172,291.4106951,-107.1170145,4.340872068,-43.93402637
PI432001,GBS,Iran,Asia,K4,183.8827898,-274.7400064,38.92951054,75.79152862,-100.8792287
PI311107,GBS,Guatemala,North America,K10,185.5330502,0.266851187,268.9832332,-208.6008966,37.03148336
PI432145,GBS,Iran,Asia,K9,187.0153542,-320.9548439,-10.51268039,-96.96138544,-145.0984993
PI426784,GBS,Pakistan,Asia,K6,187.7902586,-314.6481448,-81.0094044,-91.34676782,178.7222916
PI432212,GBS,Iran,Asia,K9,187.8046957,-307.2856549,-7.318636402,-106.1376829,-188.3376789
PI299163,GBS,Chile,South America,K10,188.2963532,-8.996477532,249.2507282,-158.1804524,90.5085775
ILL7789,GBS,Bangladesh,Asia,K6,188.4431707,-16.69916958,-202.8618676,-11.66256624,118.5702987
PI273664,GBS,Ethiopia,Africa,K10,188.673016,111.0092136,-62.12983309,-108.7991549,-1.294539599
PI343026,GBS,Russia,Europe,K9,188.7443329,-246.8254759,-49.70161186,-105.4204698,-38.61896322
ILL5553,GBS,Mexico,North America,K8,189.2123007,306.8579651,-112.7941602,-189.4010818,-45.26372138
ILL956,GBS,Chile,South America,K4,191.1145536,53.40147976,-76.12752794,5.307457602,-105.5763447
PI472122,GBS,India,Asia,K6,191.3859321,-305.6213146,-70.93868385,-101.0244586,230.4929132
PI432124,GBS,Iran,Asia,K9,192.6549134,-325.2793516,-20.5361967,-69.98077532,-155.4133581
PI308614,GBS,Syria,Asia,K6,195.2449613,-178.2588432,15.53645594,-60.91548211,93.98460942
PI426778,GBS,Pakistan,Asia,K4,195.4308645,-287.5722665,9.760208099,-20.07842627,9.693423721
ILL6149,GBS,Türkiye,Asia,K8,195.5217995,205.387486,-175.5390169,1.149094284,-150.1983986
PI472161,GBS,India,Asia,K6,197.9656464,-301.7392751,-72.35893101,-75.40774357,207.9304053
PI432002,GBS,Iran,Asia,K9,198.5906977,-282.8065455,39.64784946,-31.34718979,-153.6060579
PI431630,GBS,Iran,Asia,K9,199.0381291,-324.8763008,-26.27189726,-96.74651058,-117.4020699
ILL4778,GBS,Uruguay,South America,K8,199.8902782,251.5555695,-186.9936032,159.9255227,46.35365061
PI472588,GBS,Egypt,Africa,K5,199.90307,-184.6364873,32.10220654,-46.27147338,-7.868342949
PI339285,GBS,Türkiye,Asia,K6,200.9961753,-194.6209296,39.90603834,-81.85500175,50.08244613
PI431613,GBS,Iran,Asia,K4,201.5451194,-152.3878437,193.2231402,-95.58492958,-163.878499
PI432185,GBS,Iran,Asia,K4,201.9667,-210.5937281,99.73297981,-50.78270761,-111.0597173
PI175754,GBS,Türkiye,Asia,K4,204.1135566,48.65805954,-73.20655964,69.81776252,-68.50225351
PI329169,GBS,Iran,Asia,K4,204.902783,-165.2572985,60.37947793,17.57535302,-94.74564313
ILL7727,GBS,Morocco,Africa,K10,204.9573807,134.0087883,-67.9799729,-137.5638177,-57.60187689
PI300250,GBS,Syria,Asia,K7,205.5471322,-5.315353553,-118.1778735,-74.94164574,56.58122138
ILL6528,GBS,France,Europe,K10,206.2205368,204.4622234,-2.391122019,-74.79505527,-1.287684252
PI420925,GBS,Jordan,Asia,K10,207.6854259,-45.86367845,153.8790773,-185.4433317,10.49982849
PI432005,GBS,Iran,Asia,K4,208.7157128,-251.1262779,95.05667444,2.724617217,-162.5174886
ILL7745,GBS,Saudi Arabia,Asia,K8,208.9558221,22.95651755,-176.3525573,-55.4479969,-33.23843783
ILL6925,GBS,Jordan,Asia,K10,209.0616913,186.849358,16.96348684,-57.18665877,16.10525442
PI431884,GBS,Iran,Asia,K4,210.2732393,-207.7135404,98.57315472,95.75850158,-85.20461194
ILL6350,GBS,Pakistan,Asia,K8,210.7565368,217.9306364,-35.7251037,-49.39210464,26.98184935
ILL2181,GBS,Türkiye,Asia,K8,210.8709981,208.4118889,-211.2355534,162.3444512,-20.84964447
PI432237,GBS,Lebanon,Asia,K4,211.1737206,-149.4663509,124.8125616,-116.374257,-125.6093283
PI283604,GBS,Portugal,Europe,K10,211.8162276,203.827127,118.2011423,-64.33909812,2.215470812
PI290716,GBS,United Kingdom,Europe,K7,211.9862456,-32.15538492,-127.7500272,75.48367258,81.50268999
ILL595,GBS,Ukraine,Europe,K8,214.4314923,160.403469,-222.0530103,0.391936376,-116.5304933
ILL4471,GBS,Syria,Asia,K8,214.5843665,256.4814892,-196.4790939,146.8739683,-26.73163168
ILL6493,GBS,Morocco,Africa,K10,214.9523995,206.73248,-10.08158261,-53.81357322,32.16257881
W627767,GBS,United States,North America,K7,215.6896251,-63.51182132,-53.23370671,-58.72657276,54.48825062
PI472564,GBS,Lebanon,Asia,K4,215.7031801,-237.1385639,81.16428496,4.907557744,-119.7448337
PI432087,GBS,Iran,Asia,K9,217.928109,-263.8380724,-20.87988831,-2.090450873,-39.5693116
PI320935,GBS,Iran,Asia,K4,220.0146666,-235.6168974,68.57733426,5.593935791,-145.9888339
PI426803,GBS,Pakistan,Asia,K6,220.1587088,-315.4305631,-9.986182832,-68.25655865,-9.915113318
PI289070,GBS,Hungary,Europe,K10,221.2557726,105.0451175,49.6138894,-45.44836241,45.59179955
ILL4899,GBS,Iraq,Asia,K8,221.9087471,239.596838,-219.8254761,190.0444597,-0.901411816
PI298923,GBS,Italy,Europe,K4,221.9188365,-71.1131682,80.86913216,22.46602486,-97.42612728
PI297772,GBS,Greece,Europe,K5,224.1144511,106.045692,-31.08710944,78.05676588,65.61540409
ILL6406,GBS,Portugal,Europe,K8,224.2401759,250.9587638,-17.31433067,-65.73896938,13.48753573
W627766,GBS,United States,North America,K5,224.3151728,-88.21176799,119.6025934,-41.7603626,77.50002343
PI178940,GBS,Türkiye,Asia,K5,224.7383445,92.87112373,-29.19080155,131.3288134,7.475193711
PI297287,GBS,Argentina,South America,K10,225.1536629,168.6974168,-10.77471668,-15.68957806,51.28262926
PI429369,GBS,Iran,Asia,K4,226.2354907,-215.8560328,114.6888101,-22.4680976,-149.4706817
PI320944,GBS,Algeria,Africa,K5,226.7843832,-106.5825832,172.0992084,5.093087019,6.13568934
PI472137,GBS,India,Asia,K6,226.9949358,-307.2506264,-64.20857388,-79.50791953,192.7454535
ILL4915,GBS,Croatia,Europe,K8,227.600633,295.4491739,-174.4848092,88.7997042,-3.952897229
PI299177,GBS,Chile,South America,K5,228.6012222,-47.35840791,208.8916026,-65.98718879,82.74021098
PI251784,GBS,Russia,Europe,K10,228.7652101,93.37439329,49.32769004,24.70910252,-3.982244869
PI477921,GBS,United States,North America,K4,229.1900998,-133.0309017,228.2159189,26.77814165,2.680631763
PI299285,GBS,Chile,South America,K5,229.2015619,-1.754485166,216.1537754,-107.4715802,41.42956991
PI299371,GBS,Chile,South America,K5,230.4398382,-12.80422789,197.9714472,-81.07021943,38.25957216
PI432286,GBS,Egypt,Africa,K5,230.935718,-177.9624886,48.77661555,-20.82458044,90.74364581
PI339292,GBS,Türkiye,Asia,K4,231.4663303,-195.6675789,77.08259253,41.93539939,-125.4903302
ILL7084,GBS,Italy,Europe,K10,232.2608716,146.2920768,-31.11939274,10.29967787,32.71503457
PI339289,GBS,Türkiye,Asia,K4,232.2660012,-161.2555838,135.8366017,-18.13206644,-129.8768109
PI299207,GBS,Chile,South America,K4,233.5511907,-95.33291905,169.0433638,-6.462590113,-1.200017389
PI432188,GBS,Iran,Asia,K4,233.9260397,-257.3154049,65.88369809,-30.50345688,-127.6156942
PI431824,GBS,Iran,Asia,K4,234.3440942,-233.06987,113.5959814,38.59933844,-106.7267275
PI298644,GBS,Spain,Europe,K10,235.329703,123.7062036,53.62175372,-118.2842765,107.3294354
PI299366,GBS,Chile,South America,K8,235.709225,147.6082676,-52.97854488,0.967205885,54.96336132
PI298023,GBS,Türkiye,Asia,K4,235.8660039,47.76863623,-62.11246303,5.212808496,-100.783561
PI431768,GBS,Iran,Asia,K4,236.1642114,-228.5023646,85.29220417,1.434578585,-145.4524404
PI432106,GBS,Iran,Asia,K4,236.6044212,-109.3586172,211.8346165,-137.7428907,-67.46410987
ILL5653,GBS,Spain,Europe,K8,236.6541411,296.2530382,-128.5343942,0.260643044,19.07079923
ILL623,GBS,Montenegro,Europe,K8,237.4194597,226.2697549,-155.0011273,159.6996382,-55.51134239
PI431656,GBS,Iran,Asia,K4,237.5104534,-157.9507895,188.1369628,-18.88515114,-136.6204948
PI472615,GBS,Jordan,Asia,K5,238.4118428,-101.1757931,166.2901363,32.3085556,-13.04855578
PI297767,GBS,Greece,Europe,K10,238.5584784,161.017749,26.8599646,-108.7799122,19.55794937
PI431618,GBS,Iran,Asia,K4,238.8095122,-173.1841728,138.3723056,15.04845842,-132.4792804
PI329167,GBS,Iran,Asia,K4,238.8332909,-88.51356413,207.1774742,-127.6237811,-166.7871347
PI431636,GBS,Iran,Asia,K4,240.9011401,-136.2516533,176.6154844,-35.58883199,-131.6692961
ILL7495,GBS,Bulgaria,Europe,K8,242.1585008,72.17273056,-108.237624,74.44961604,-39.93212626
PI431643,GBS,Iran,Asia,K4,243.308795,-222.3242546,112.8891128,62.00092206,-134.5193876
PI383682,GBS,Türkiye,Asia,K4,243.8825682,-128.4172497,113.5654912,77.52132928,-30.11384354
PI368647,GBS,North Macedonia,Europe,K5,243.957528,-113.6928531,115.7971981,194.3220653,-24.40419004
PI320936,GBS,Russia,Europe,K5,244.6536733,-112.9939299,122.1818768,183.7880256,62.46919498
ILL719,GBS,Hungary,Europe,K5,244.7851812,162.9946765,-42.46691912,144.8253209,83.06468859
PI320945,GBS,Bulgaria,Europe,K5,247.8780483,-86.53210641,118.8582511,23.45419872,67.42341493
PI299354,GBS,Chile,South America,K10,248.651702,0.745123876,240.2296403,-109.6875365,111.1721127
PI431810,GBS,Iran,Asia,K4,249.0536388,-256.375772,74.52494312,39.86383331,-124.7259834
ILL4900,GBS,India,Asia,K8,249.2155553,258.0815558,-177.702101,137.9742321,-19.5479463
W627756,GBS,United States,North America,K5,249.9286341,-92.42756215,145.9410607,49.92111939,147.126132
PI432184,GBS,Iran,Asia,K4,250.8822269,-198.47474,102.9042567,42.12842312,-91.62852494
PI368651,GBS,Montenegro,Europe,K5,251.0471663,-119.3496,123.3004136,172.1340874,11.79918663
PI339310,GBS,Türkiye,Asia,K4,251.2070305,-164.3442829,109.6708455,62.20335524,-66.19452367
PI298357,GBS,Egypt,Africa,K5,252.4168514,29.55059624,-45.07853613,96.05365196,29.67383706
PI435954,GBS,Cyprus,Asia,K4,252.7993436,-174.0509723,105.8079522,18.25208634,-108.1472887
PI432071,GBS,Iran,Asia,K4,252.8805299,-147.660508,170.1951149,-58.17868317,-95.80991062
PI379368,GBS,Serbia,Europe,K5,253.4495361,-63.86535566,121.5335825,119.9618308,32.78457359
PI508090,GBS,United States,North America,K5,253.604596,-93.62500108,234.1687638,99.4501065,-11.61187461
PI472632,GBS,Cyprus,Asia,K5,253.7194404,-87.30791645,165.3856697,50.82090149,102.9917455
ILL5645,GBS,Mexico,North America,K8,254.5105577,276.1171042,-130.2850869,-34.10491601,-9.858544566
PI431631,GBS,Iran,Asia,K4,254.9935485,-129.7888272,212.2264611,-68.74398912,-131.621225
ILL7437,GBS,Nepal,Asia,K8,255.2265511,145.9294054,-50.34470672,-47.71810706,-31.9164324
PI374121,GBS,Morocco,Africa,K5,256.1472472,10.72548374,184.7196659,-34.50520136,47.03069377
W627762,GBS,United States,North America,K5,256.2722022,-48.95969195,200.2437021,26.02851503,49.72838194
ILL5639,GBS,Ethiopia,Africa,K8,256.7379917,247.2090602,-167.3236179,23.15474484,-38.6151653
PI329157,GBS,Iran,Asia,K4,258.3498969,-197.1199409,126.2984314,7.894077416,-140.9156697
ILL5595,GBS,Syria,Asia,K8,258.9095005,251.8271696,-175.9140378,34.21277709,-34.78952897
PI486127,GBS,United States,North America,K5,259.4036556,-106.5413058,188.9856757,33.31810236,164.4371665
ILL705,GBS,Poland,Europe,K8,260.8876157,108.869481,-78.91155775,136.7023003,5.451567465
PI374120,GBS,Morocco,Africa,K5,261.6398886,-9.384165019,199.4172375,22.49015748,20.65665707
PI298922,GBS,Italy,Europe,K5,263.347098,74.66913933,86.0395209,64.25426359,66.91316448
PI533688,GBS,Spain,Europe,K5,263.8414613,-5.556016286,156.1547143,-49.37377185,82.50735422
PI289073,GBS,Hungary,Europe,K5,264.4173969,91.24146936,-9.246267256,106.6354611,62.64445106
W627780,GBS,United States,North America,K5,266.685106,105.2592593,97.32882199,14.55900538,70.1299732
ILL635,GBS,Turkey,Asia,K8,266.9831315,217.7572168,-101.8296178,126.9088272,62.73838872
PI432245,GBS,Lebanon,Asia,K4,267.144073,-220.5912997,101.2475559,-27.55784983,-122.9031529
PI431809,GBS,Iran,Asia,K4,267.1467994,-221.2327711,80.33441888,18.85749887,-92.00473187
PI320937,GBS,Germany,Europe,K5,267.5971933,-138.3273457,98.64686036,118.8143894,-34.43795978
PI472629,GBS,Iran,Asia,K4,267.7153752,-240.1593141,95.1591795,42.06856097,-68.26984329
PI298645,GBS,Spain,Europe,K5,270.0349907,112.5016595,60.89208584,22.7813892,46.73369806
PI297284,GBS,Argentina,South America,K5,271.225229,210.1573168,-2.185732467,99.37344421,88.58784304
PI298631,GBS,Peru,South America,K10,271.5384291,112.5728742,21.73370598,-42.05487628,74.50095146
PI451766,GBS,United States,North America,K4,273.0477737,-132.905599,162.2683507,154.9894542,-67.84879246
W627760,GBS,United States,North America,K5,274.0719924,30.32202477,44.26330937,96.19543415,55.3216588
ILL619,GBS,Armenia,Asia,K8,274.6437714,229.1916127,-157.3669514,155.6089588,47.34075113
PI297285,GBS,Argentina,South America,K5,274.720134,169.3764372,31.00460252,72.92591691,106.7983529
PI169534,GBS,Türkiye,Asia,K5,275.9757136,110.6226362,-40.9348385,174.489288,87.25472224
PI431642,GBS,Iran,Asia,K4,277.0819995,-211.8802538,131.6243025,45.92974889,-138.8806945
PI490289,GBS,France,Europe,K5,277.7905138,-91.27560693,130.6306908,24.72321152,66.15290534
PI432085,GBS,Iran,Asia,K4,278.2282745,-210.7413185,110.3149661,10.6324481,-91.11698432
PI297754,GBS,Greece,Europe,K5,279.3368869,92.75018328,-32.81812931,156.7374161,39.70163831
ILL624,GBS,North Macedonia,Europe,K8,280.7096368,209.6364045,-121.8325638,175.7685182,59.65864216
PI289079,GBS,Hungary,Europe,K5,280.9794835,114.3058344,-10.98724635,138.2267202,55.29585865
PI490288,GBS,France,Europe,K5,281.7569304,-80.85372073,145.6479846,154.5221603,76.80503485
PI432271,GBS,Türkiye,Asia,K5,281.8863416,-109.7973781,71.10996354,156.2087444,112.3870496
PI451763,GBS,United States,North America,K5,282.083998,-123.6784895,112.3587697,75.55558544,120.1318878
W627754,GBS,United States,North America,K5,282.8100053,-110.9610939,137.2561299,90.63629025,91.9646762
ILL6644,GBS,Syria,Asia,K5,283.9845117,169.9874208,-5.01001432,18.49302921,35.31712619
PI320953,GBS,Germany,Europe,K5,284.539166,-72.30779647,160.5628995,130.1414389,84.28999261
W627782,GBS,United States,North America,K5,288.3582237,49.74637833,71.84957047,32.46270025,73.83502146
PI468902,GBS,Brazil,South America,K5,288.8988931,-77.25857462,177.9050614,72.93873801,131.2866705
PI431640,GBS,Iran,Asia,K4,288.9043118,-171.1931829,155.2844866,-16.19590473,-117.6788829
W627765,GBS,United States,North America,K5,289.1422605,-105.3420534,183.084897,143.1650514,56.25751268
PI178939,GBS,Türkiye,Asia,K5,289.8315679,53.40648918,-36.94865793,158.7242133,-11.79247663
PI468899,GBS,Brazil,South America,K5,292.5665562,-65.05676744,175.5810284,113.1095778,130.4906651
PI468900,GBS,Brazil,South America,K5,292.594834,-82.92774092,158.1849295,69.85703469,86.06040175
PI357225,GBS,Montenegro,Europe,K5,294.5876671,-99.52635942,93.29250796,178.9652817,-13.82421396
PI432190,GBS,Iran,Asia,K5,294.6226848,-107.4300651,143.1029409,112.5274474,35.67123042
PI458503,GBS,Mexico,North America,K5,295.026691,-29.44717573,130.0873918,120.8216784,27.44329173
PI533691,GBS,Spain,Europe,K5,295.4168791,-55.6047984,149.4133566,166.7903583,112.6458838
PI533693,GBS,Spain,Europe,K5,295.4878558,-98.1236441,117.8882941,167.8927813,77.65085103
PI472143,GBS,India,Asia,K5,295.6802634,-103.439525,143.2923504,153.7614534,2.079551109
PI320954,GBS,Hungary,Europe,K5,295.6948689,-44.92651307,156.7338291,156.6966251,99.15300242
PI312175,GBS,Mexico,North America,K5,299.0731832,-34.78913621,126.914961,90.16963911,70.32835284
PI299120,GBS,Mexico,North America,K5,299.7235186,-51.55399504,145.0304897,44.46753214,74.14599304
PI518733,GBS,Brazil,South America,K5,300.3925623,-102.4861953,142.8024043,112.2773781,105.5716936
PI518734,GBS,Brazil,South America,K5,301.7738737,-97.61098761,156.9757127,91.76355774,106.6759806
W627781,GBS,United States,North America,K5,302.0937606,-77.48436273,174.0735989,91.2657628,63.96887851
PI299116,GBS,Mexico,North America,K5,303.7757609,-22.54211924,126.7922775,125.1416642,118.8100315
PI374116,GBS,Morocco,Africa,K5,304.2049969,-99.51743743,143.8921408,171.4241748,84.42347549
W627758,GBS,United States,North America,K5,304.3535733,-101.7900556,145.5274719,182.0056543,-6.349207473
PI298122,GBS,France,Europe,K5,307.0033483,93.48163077,18.24834438,87.20194985,44.7231152
PI345627,GBS,Ukraine,Europe,K5,308.4267454,-78.95256292,164.3881119,84.92636792,37.20815128
PI432201,GBS,Iran,Asia,K5,311.1260903,-121.4924789,110.8617263,125.7252591,-12.29970037
PI486128,GBS,France,Europe,K5,314.3136644,-86.08251758,140.4081591,137.0514629,104.8646268
W627759,GBS,United States,North America,K5,317.4434886,-81.49605062,153.1761228,138.4992273,-7.050949198
PI320952,GBS,Czech Republic,Europe,K5,320.9075074,-96.54108916,125.2635158,149.5762649,71.64729505
PI471917,GBS,Canada,North America,K5,323.1458997,-96.69436613,131.4647956,129.6105191,7.600330355
PI358602,GBS,Ethiopia,Africa,K5,324.5788417,-99.40178071,126.1876571,125.6983023,65.67038953
PI533690,GBS,Spain,Europe,K5,327.3835482,-90.72372613,136.5618159,130.0990743,94.33413731
PI518732,GBS,Brazil,South America,K5,328.0153886,-81.40079647,137.9403055,88.48425029,97.28522558
