"Sample","K1","K2","K3","K4","K5","K6","K7","K8","K9","K10","Assigned_K","MaxQ","AdmixtureIndex"
"ILL10826",0.99991,1e-05,1e-05,1e-05,1e-05,1e-05,1e-05,1e-05,1e-05,1e-05,"K1",0.99991,9.00000000000345e-05
"ILL486",0.99991,1e-05,1e-05,1e-05,1e-05,1e-05,1e-05,1e-05,1e-05,1e-05,"K1",0.99991,9.00000000000345e-05
"W627768",0.99991,1e-05,1e-05,1e-05,1e-05,1e-05,1e-05,1e-05,1e-05,1e-05,"K1",0.99991,9.00000000000345e-05
"PI420818",0.99991,1e-05,1e-05,1e-05,1e-05,1e-05,1e-05,1e-05,1e-05,1e-05,"K1",0.99991,9.00000000000345e-05
"ILL482",0.965246,1e-05,0.034674,1e-05,1e-05,1e-05,1e-05,1e-05,1e-05,1e-05,"K1",0.965246,0.034754
"ILL6783",0.963725,1e-05,1e-05,1e-05,1e-05,1e-05,1e-05,0.036195,1e-05,1e-05,"K1",0.963725,0.0362749999999999
"ILL1939",0.957031,1e-05,1e-05,1e-05,1e-05,1e-05,1e-05,1e-05,0.042889,1e-05,"K1",0.957031,0.042969
"ILL211",0.953252,1e-05,0.00234,1e-05,1e-05,1e-05,1e-05,1e-05,0.044338,1e-05,"K1",0.953252,0.046748
"ILL7686",0.952735,1e-05,1e-05,1e-05,1e-05,1e-05,1e-05,1e-05,0.047185,1e-05,"K1",0.952735,0.047265
"ILL5582",0.949842,1e-05,0.050078,1e-05,1e-05,1e-05,1e-05,1e-05,1e-05,1e-05,"K1",0.949842,0.050158
"ILL8614",0.948073,1.7e-05,1e-05,1e-05,1e-05,1e-05,1e-05,0.05184,1e-05,1e-05,"K1",0.948073,0.0519269999999999
"ILL10825",0.922072,0.077848,1e-05,1e-05,1e-05,1e-05,1e-05,1e-05,1e-05,1e-05,"K1",0.922072,0.077928
"W627761",0.914071,1e-05,0.041727,1e-05,1e-05,1e-05,0.044132,1e-05,1e-05,1e-05,"K1",0.914071,0.085929
"ILL440",0.866739,1e-05,1e-05,1e-05,0.035466,1e-05,1e-05,1e-05,1e-05,0.097724,"K1",0.866739,0.133261
"ILL6750",0.853602,1e-05,0.115172,1e-05,1e-05,1e-05,0.031156,1e-05,1e-05,1e-05,"K1",0.853602,0.146398
"ILL10810",0.847334,0.152577,1e-05,1e-05,1e-05,1e-05,1.9e-05,1e-05,1e-05,1e-05,"K1",0.847334,0.152666
"ILL5537",0.84197,0.093166,0.054075,1e-05,1e-05,0.003218,1e-05,1e-05,1e-05,0.007521,"K1",0.84197,0.15803
"ILL10690",0.840187,0.036631,1.1e-05,1e-05,1e-05,1e-05,1.4e-05,0.085503,0.037614,1e-05,"K1",0.840187,0.159813
"ILL6415",0.833805,1e-05,0.105015,1e-05,0.06111,1e-05,1e-05,1e-05,1e-05,1e-05,"K1",0.833805,0.166195
"ILL6870",0.822379,0.006774,0.118935,1e-05,1e-05,1e-05,0.014225,1e-05,1e-05,0.037638,"K1",0.822379,0.177621
"ILL1940",0.797705,1e-05,0.140648,1e-05,1e-05,1e-05,0.028946,0.032641,1e-05,1e-05,"K1",0.797705,0.202295
"ILL507",0.793347,0.163541,1e-05,1e-05,1e-05,1e-05,1e-05,1e-05,1e-05,0.043041,"K1",0.793347,0.206653
"ILL8114",0.789314,0.210606,1e-05,1e-05,1e-05,1e-05,1e-05,1e-05,1e-05,1e-05,"K1",0.789314,0.210686
"ILL6199",0.764028,0.214679,1e-05,1e-05,0.003943,0.01729,1e-05,1e-05,1e-05,1e-05,"K1",0.764028,0.235972
"ILL5988",0.749977,0.129924,1e-05,1e-05,1e-05,1e-05,0.120029,1e-05,1e-05,1e-05,"K1",0.749977,0.250023
"ILL241",0.729055,0.154616,1e-05,1e-05,0.033152,0.073958,1e-05,1e-05,1e-05,0.009169,"K1",0.729055,0.270945
"ILL4841",0.671761,0.011373,0.089464,1e-05,0.227342,1e-05,1e-05,1e-05,1e-05,1e-05,"K1",0.671761,0.328239
"ILL312",0.663032,0.106557,0.112577,1e-05,0.117774,1e-05,1e-05,1e-05,1e-05,1e-05,"K1",0.663032,0.336968
"ILL2230",0.649631,0.036047,0.268189,0.009495,1e-05,1e-05,0.009922,1e-05,0.026676,1e-05,"K1",0.649631,0.350369
"ILL969",0.6385,0.004248,0.186243,0.17095,1e-05,1e-05,1e-05,1e-05,1e-05,1e-05,"K1",0.6385,0.3615
"ILL454",0.567353,0.207465,1.4e-05,1e-05,0.175062,1e-05,1e-05,1e-05,1e-05,0.050056,"K1",0.567353,0.432647
"ILL1924",0.564307,0.202014,1e-05,1e-05,0.233609,1e-05,1e-05,1e-05,1e-05,1e-05,"K1",0.564307,0.435693
"ILL7978",0.502018,1e-05,0.482028,1e-05,1e-05,0.015884,1e-05,1e-05,1e-05,1e-05,"K1",0.502018,0.497982
"PI299289",0.473161,0.322699,1e-05,1e-05,1e-05,1e-05,1e-05,1e-05,1e-05,0.20407,"K1",0.473161,0.526839
"ILL359",0.454983,0.403998,1e-05,1e-05,1e-05,1e-05,1e-05,1e-05,1e-05,0.140949,"K1",0.454983,0.545017
"ILL360",0.454894,0.404002,1e-05,1e-05,1e-05,1e-05,1e-05,1e-05,1e-05,0.141034,"K1",0.454894,0.545106
"ILL4819",1e-05,0.99991,1e-05,1e-05,1e-05,1e-05,1e-05,1e-05,1e-05,1e-05,"K2",0.99991,9.00000000000345e-05
"ILL353",1e-05,0.99991,1e-05,1e-05,1e-05,1e-05,1e-05,1e-05,1e-05,1e-05,"K2",0.99991,9.00000000000345e-05
"ILL357",1e-05,0.99991,1e-05,1e-05,1e-05,1e-05,1e-05,1e-05,1e-05,1e-05,"K2",0.99991,9.00000000000345e-05
"ILL6001",1e-05,0.99991,1e-05,1e-05,1e-05,1e-05,1e-05,1e-05,1e-05,1e-05,"K2",0.99991,9.00000000000345e-05
"PI476365",1e-05,0.99991,1e-05,1e-05,1e-05,1e-05,1e-05,1e-05,1e-05,1e-05,"K2",0.99991,9.00000000000345e-05
"ILL769",1e-05,0.999908,1.2e-05,1e-05,1e-05,1e-05,1e-05,1e-05,1e-05,1e-05,"K2",0.999908,9.1999999999981e-05
"ILL1947",1e-05,0.999903,1e-05,1e-05,1e-05,1e-05,1.7e-05,1e-05,1e-05,1e-05,"K2",0.999903,9.70000000000137e-05
"ILL1922",1e-05,0.988231,1e-05,1e-05,1e-05,1e-05,1e-05,0.00427,1e-05,0.007429,"K2",0.988231,0.011769
"ILL6126",1e-05,0.929149,0.0174,1e-05,1e-05,1e-05,1e-05,0.053381,1e-05,1e-05,"K2",0.929149,0.070851
"PI468901",0.012034,0.928081,1e-05,1e-05,1e-05,1e-05,1e-05,0.022091,1e-05,0.037735,"K2",0.928081,0.071919
"ILL508",1e-05,0.906998,1e-05,1e-05,1e-05,1e-05,1e-05,1e-05,0.022563,0.070369,"K2",0.906998,0.093002
"PI471916",1e-05,0.890605,1e-05,1e-05,1e-05,1e-05,1e-05,0.109315,1e-05,1e-05,"K2",0.890605,0.109395
"PI299121",0.113779,0.886141,1e-05,1e-05,1e-05,1e-05,1e-05,1e-05,1e-05,1e-05,"K2",0.886141,0.113859
"PI518731",0.040554,0.877157,1e-05,1e-05,1e-05,1e-05,1e-05,1e-05,1e-05,0.082219,"K2",0.877157,0.122843
"ILL1938",0.237865,0.689023,1e-05,1e-05,1e-05,1e-05,0.06408,1e-05,1e-05,0.008973,"K2",0.689023,0.310977
"ILL413",0.190662,0.643139,1e-05,1e-05,1e-05,1e-05,1e-05,1e-05,1e-05,0.16613,"K2",0.643139,0.356861
"ILL600",1e-05,0.642977,0.103604,0.001719,0.201025,0.050625,1e-05,1e-05,1e-05,1e-05,"K2",0.642977,0.357023
"PI431774",0.214055,0.638313,1e-05,1e-05,1e-05,1e-05,1e-05,0.006676,1e-05,0.140896,"K2",0.638313,0.361687
"ILL6994",1e-05,0.624551,0.142912,1e-05,0.232467,1e-05,1e-05,1e-05,1e-05,1e-05,"K2",0.624551,0.375449
"ILL7012",1e-05,0.601802,0.113703,1e-05,0.284425,1e-05,1e-05,1e-05,1e-05,1e-05,"K2",0.601802,0.398198
"ILL4605",1e-05,0.583476,0.095255,0.023089,0.230466,0.067664,1e-05,1e-05,1e-05,1e-05,"K2",0.583476,0.416524
"ILL469",0.359481,0.569334,1e-05,1e-05,1e-05,1e-05,1e-05,1e-05,1e-05,0.071115,"K2",0.569334,0.430666
"ILL7981",1e-05,0.558611,0.111368,0.047792,0.237323,0.044856,1e-05,1e-05,1e-05,1e-05,"K2",0.558611,0.441389
"ILL435",0.202662,0.536957,1e-05,1e-05,1e-05,1e-05,1e-05,1e-05,1e-05,0.260311,"K2",0.536957,0.463043
"ILL324",0.202144,0.501199,0.057183,1e-05,0.239414,1e-05,1e-05,1e-05,1e-05,1e-05,"K2",0.501199,0.498801
"ILL590",0.042737,0.499628,0.363286,0.004313,1e-05,1e-05,0.089985,1e-05,1e-05,1e-05,"K2",0.499628,0.500372
"ILL8010",1e-05,0.496623,0.182249,0.027767,0.165636,1e-05,1e-05,1e-05,0.127676,1e-05,"K2",0.496623,0.503377
"ILL567",1e-05,0.477933,0.396694,1e-05,1e-05,1e-05,0.099106,0.026206,1e-05,1e-05,"K2",0.477933,0.522067
"ILL589",1e-05,0.459352,0.421889,1e-05,1e-05,1e-05,0.093272,0.025427,1e-05,1e-05,"K2",0.459352,0.540648
"ILL344",0.087027,0.458119,0.370483,0.036423,1e-05,1e-05,0.047899,1e-05,1e-05,1e-05,"K2",0.458119,0.541881
"ILL341",0.45549,0.457228,0.006236,1e-05,1e-05,1e-05,1e-05,0.060899,1e-05,0.020097,"K2",0.457228,0.542772
"ILL167",1e-05,0.441559,0.417656,1e-05,1e-05,1e-05,0.140715,1e-05,1e-05,1e-05,"K2",0.441559,0.558441
"ILL151",0.022365,0.430181,0.394771,1e-05,1e-05,1e-05,0.105398,0.047235,1e-05,1e-05,"K2",0.430181,0.569819
"L24",0.190966,0.414848,0.394116,1e-05,1e-05,1e-05,1e-05,1e-05,1e-05,1e-05,"K2",0.414848,0.585152
"PI432259",0.075737,0.412744,0.354442,0.041937,1e-05,1e-05,0.096127,0.018972,1e-05,1e-05,"K2",0.412744,0.587256
"PI472126",1e-05,1e-05,0.99991,1e-05,1e-05,1e-05,1e-05,1e-05,1e-05,1e-05,"K3",0.99991,9.00000000000345e-05
"PI472320",1e-05,1e-05,0.99991,1e-05,1e-05,1e-05,1e-05,1e-05,1e-05,1e-05,"K3",0.99991,9.00000000000345e-05
"PI472339",1e-05,1e-05,0.99991,1e-05,1e-05,1e-05,1e-05,1e-05,1e-05,1e-05,"K3",0.99991,9.00000000000345e-05
"PI472354",1e-05,1e-05,0.99991,1e-05,1e-05,1e-05,1e-05,1e-05,1e-05,1e-05,"K3",0.99991,9.00000000000345e-05
"PI472535",1e-05,1e-05,0.99991,1e-05,1e-05,1e-05,1e-05,1e-05,1e-05,1e-05,"K3",0.99991,9.00000000000345e-05
"PI472188",1e-05,1e-05,0.999908,1e-05,1.2e-05,1e-05,1e-05,1e-05,1e-05,1e-05,"K3",0.999908,9.1999999999981e-05
"PI472195",1e-05,1.2e-05,0.999907,1e-05,1e-05,1.1e-05,1e-05,1e-05,1e-05,1e-05,"K3",0.999907,9.30000000000097e-05
"PI472316",1e-05,1e-05,0.999907,1e-05,1.2e-05,1e-05,1.2e-05,1e-05,1e-05,1e-05,"K3",0.999907,9.30000000000097e-05
"PI472340",1e-05,1e-05,0.999907,1e-05,1.3e-05,1e-05,1e-05,1e-05,1e-05,1e-05,"K3",0.999907,9.30000000000097e-05
"PI472452",1e-05,1e-05,0.999905,1e-05,1e-05,1e-05,1.4e-05,1.1e-05,1e-05,1e-05,"K3",0.999905,9.49999999999562e-05
"PI472119",1e-05,1.8e-05,0.999902,1e-05,1e-05,1e-05,1e-05,1e-05,1e-05,1e-05,"K3",0.999902,9.80000000000425e-05
"ILL2684",1e-05,1e-05,0.999901,1e-05,1e-05,1e-05,1e-05,1.9e-05,1e-05,1e-05,"K3",0.999901,9.89999999999602e-05
"PI472380",1e-05,1.9e-05,0.999901,1e-05,1e-05,1e-05,1e-05,1e-05,1e-05,1e-05,"K3",0.999901,9.89999999999602e-05
"PI472331",1e-05,1e-05,0.999898,1e-05,1e-05,1e-05,1.7e-05,1.5e-05,1e-05,1e-05,"K3",0.999898,0.000102000000000046
"PI426797",1.9e-05,1e-05,0.999894,1e-05,1e-05,1.7e-05,1e-05,1e-05,1e-05,1e-05,"K3",0.999894,0.00010600000000005
"PI431753",1e-05,1e-05,0.990139,1e-05,1e-05,1e-05,1e-05,1e-05,0.009781,1e-05,"K3",0.990139,0.00986100000000001
"PI431705",1e-05,1e-05,0.9899,1e-05,1e-05,1e-05,1e-05,1e-05,0.01002,1e-05,"K3",0.9899,0.0101
"PI431712",1.4e-05,1e-05,0.98607,1e-05,1e-05,1e-05,1e-05,1e-05,0.013846,1e-05,"K3",0.98607,0.01393
"ILL906",1e-05,1e-05,0.979563,1e-05,1e-05,1e-05,1e-05,1e-05,0.020357,1e-05,"K3",0.979563,0.020437
"PI431624",1e-05,1e-05,0.973992,1e-05,1e-05,1e-05,1e-05,1e-05,0.025928,1e-05,"K3",0.973992,0.026008
"PI426807",1e-05,1e-05,0.962547,1e-05,1e-05,1e-05,1e-05,1e-05,0.037373,1e-05,"K3",0.962547,0.037453
"ILL217",1e-05,1e-05,0.953371,1e-05,1e-05,1e-05,0.046549,1e-05,1e-05,1e-05,"K3",0.953371,0.046629
"ILL8006",1e-05,0.003715,0.936429,1e-05,1e-05,0.059785,1e-05,1e-05,1e-05,1e-05,"K3",0.936429,0.063571
"PI472590",1e-05,1e-05,0.912304,0.03995,1e-05,1e-05,1e-05,1e-05,0.047676,1e-05,"K3",0.912304,0.087696
"PI431873",1e-05,1e-05,0.903111,1e-05,1e-05,1e-05,1e-05,1e-05,0.096809,1e-05,"K3",0.903111,0.096889
"PI472213",1.4e-05,0.013409,0.883508,0.103009,1e-05,1e-05,1e-05,1e-05,1e-05,1e-05,"K3",0.883508,0.116492
"PI431739",1e-05,0.018545,0.882758,0.098627,1e-05,1e-05,1e-05,1e-05,1e-05,1e-05,"K3",0.882758,0.117242
"PI431888",1e-05,1e-05,0.868306,0.048499,1e-05,1e-05,1e-05,1e-05,0.083124,1e-05,"K3",0.868306,0.131694
"PI432000",1e-05,0.000811,0.838055,0.0209,1e-05,1e-05,1e-05,1e-05,0.140174,1e-05,"K3",0.838055,0.161945
"ILL6848",1e-05,1e-05,0.82967,1e-05,1e-05,1e-05,1e-05,1e-05,0.17025,1e-05,"K3",0.82967,0.17033
"ILL86",1e-05,0.001256,0.825308,1e-05,1e-05,1e-05,1e-05,1e-05,0.173366,1e-05,"K3",0.825308,0.174692
"ILL4886",1e-05,0.027527,0.814863,0.017887,1e-05,1e-05,0.029438,1e-05,0.110235,1e-05,"K3",0.814863,0.185137
"ILL213",0.198465,1e-05,0.801455,1e-05,1e-05,1e-05,1e-05,1e-05,1e-05,1e-05,"K3",0.801455,0.198545
"ILL186",0.100335,0.048292,0.794953,1e-05,0.056353,1e-05,1e-05,1.8e-05,1e-05,1e-05,"K3",0.794953,0.205047
"PI606570",0.073141,0.064242,0.791235,1e-05,0.071323,1e-05,1e-05,1e-05,1e-05,1e-05,"K3",0.791235,0.208765
"ILL4152",0.040833,0.065676,0.715252,0.079686,1e-05,1e-05,1e-05,1e-05,0.098503,1e-05,"K3",0.715252,0.284748
"ILL9951",0.300902,1e-05,0.699018,1e-05,1e-05,1e-05,1e-05,1e-05,1e-05,1e-05,"K3",0.699018,0.300982
"ILL1474",0.085945,0.051207,0.665702,0.197086,1e-05,1e-05,1e-05,1e-05,1e-05,1e-05,"K3",0.665702,0.334298
"ILL8007",0.297297,1e-05,0.658659,1e-05,0.029999,0.013986,1e-05,1e-05,1e-05,1e-05,"K3",0.658659,0.341341
"ILL1460",0.290787,0.06541,0.643733,1e-05,1e-05,1e-05,1e-05,1e-05,1e-05,1e-05,"K3",0.643733,0.356267
"PI431714",0.068121,0.115431,0.642612,0.173776,1e-05,1e-05,1e-05,1e-05,1e-05,1e-05,"K3",0.642612,0.357388
"PI431893",1e-05,0.240063,0.621078,0.043892,0.03365,1e-05,1e-05,1e-05,0.061267,1e-05,"K3",0.621078,0.378922
"ILL10284",0.308353,0.076503,0.615075,1e-05,1e-05,1e-05,1e-05,1e-05,1e-05,1e-05,"K3",0.615075,0.384925
"ILL358",0.414459,1e-05,0.585461,1e-05,1e-05,1e-05,1e-05,1e-05,1e-05,1e-05,"K3",0.585461,0.414539
"ILL10866",0.416502,1e-05,0.583418,1e-05,1e-05,1e-05,1e-05,1e-05,1e-05,1e-05,"K3",0.583418,0.416582
"PI577168",0.312873,0.002149,0.579262,1e-05,1e-05,0.075692,0.029973,1e-05,1e-05,1e-05,"K3",0.579262,0.420738
"PI432059",0.210607,0.0136,0.562866,0.212867,1e-05,1e-05,1e-05,1e-05,1e-05,1e-05,"K3",0.562866,0.437134
"ILL6281",0.045615,0.140781,0.561903,0.25164,1e-05,1e-05,1e-05,1e-05,1.1e-05,1e-05,"K3",0.561903,0.438097
"ILL10865",0.438865,1e-05,0.561055,1e-05,1e-05,1e-05,1e-05,1e-05,1e-05,1e-05,"K3",0.561055,0.438945
"ILL10947",0.453478,1e-05,0.546442,1e-05,1e-05,1e-05,1e-05,1e-05,1e-05,1e-05,"K3",0.546442,0.453558
"PI431980",0.156938,0.116602,0.545208,0.181191,1e-05,1e-05,1e-05,1e-05,1e-05,1e-05,"K3",0.545208,0.454792
"ILL10864",0.464785,1e-05,0.535135,1e-05,1e-05,1e-05,1e-05,1e-05,1e-05,1e-05,"K3",0.535135,0.464865
"ILL10863",0.488203,1e-05,0.511717,1e-05,1e-05,1e-05,1e-05,1e-05,1e-05,1e-05,"K3",0.511717,0.488283
"ILL1220",1e-05,0.425205,0.475922,0.014867,1e-05,1e-05,0.039268,0.044689,1e-05,1e-05,"K3",0.475922,0.524078
"ILL537",0.264107,0.114357,0.466422,0.155053,1e-05,1e-05,1e-05,1e-05,1e-05,1e-05,"K3",0.466422,0.533578
"ILL3485",1e-05,0.347994,0.44652,1e-05,0.070354,0.135072,1e-05,1e-05,1e-05,1e-05,"K3",0.44652,0.55348
"ILL7979",0.271046,0.2602,0.326122,1e-05,1e-05,0.001663,1e-05,0.140919,1e-05,1e-05,"K3",0.326122,0.673878
"PI329157",1e-05,1e-05,1e-05,0.99991,1e-05,1e-05,1e-05,1e-05,1e-05,1e-05,"K4",0.99991,9.00000000000345e-05
"PI339289",1e-05,1e-05,1e-05,0.99991,1e-05,1e-05,1e-05,1e-05,1e-05,1e-05,"K4",0.99991,9.00000000000345e-05
"PI431640",1e-05,1e-05,1e-05,0.99991,1e-05,1e-05,1e-05,1e-05,1e-05,1e-05,"K4",0.99991,9.00000000000345e-05
"PI431642",1e-05,1e-05,1e-05,0.99991,1e-05,1e-05,1e-05,1e-05,1e-05,1e-05,"K4",0.99991,9.00000000000345e-05
"PI431884",1e-05,1e-05,1e-05,0.99991,1e-05,1e-05,1e-05,1e-05,1e-05,1e-05,"K4",0.99991,9.00000000000345e-05
"PI432245",1e-05,1e-05,1e-05,0.99991,1e-05,1e-05,1e-05,1e-05,1e-05,1e-05,"K4",0.99991,9.00000000000345e-05
"PI339292",1e-05,1e-05,1e-05,0.97021,1e-05,1e-05,1e-05,1e-05,0.02971,1e-05,"K4",0.97021,0.02979
"PI431618",1e-05,1e-05,1e-05,0.966729,0.033191,1e-05,1e-05,1e-05,1e-05,1e-05,"K4",0.966729,0.0332710000000001
"PI431643",1e-05,1e-05,1e-05,0.965033,1e-05,1e-05,1e-05,1e-05,0.034887,1e-05,"K4",0.965033,0.034967
"PI431656",1e-05,1e-05,1e-05,0.956856,1e-05,1e-05,1e-05,1e-05,1e-05,0.043064,"K4",0.956856,0.043144
"PI431824",1e-05,1e-05,1e-05,0.950554,1e-05,0.049366,1e-05,1e-05,1e-05,1e-05,"K4",0.950554,0.049446
"PI431810",1e-05,1e-05,1e-05,0.945031,1e-05,0.02076,1e-05,1e-05,0.034139,1e-05,"K4",0.945031,0.054969
"PI431768",1e-05,1e-05,1e-05,0.943268,1e-05,1e-05,1e-05,1e-05,0.056652,1e-05,"K4",0.943268,0.056732
"PI472564",1e-05,1e-05,1e-05,0.936654,1e-05,0.063266,1e-05,1e-05,1e-05,1e-05,"K4",0.936654,0.063346
"PI432085",1e-05,1e-05,1e-05,0.925653,0.073897,0.00038,1e-05,1e-05,1e-05,1e-05,"K4",0.925653,0.0743470000000001
"PI431636",1e-05,1e-05,1e-05,0.899063,1e-05,1e-05,1e-05,1e-05,1e-05,0.100857,"K4",0.899063,0.100937
"PI432185",1e-05,1e-05,1e-05,0.881794,1e-05,0.098095,0.020042,1e-05,1e-05,1e-05,"K4",0.881794,0.118206
"PI320935",1e-05,1e-05,0.033671,0.878728,1e-05,1e-05,1e-05,1e-05,0.08753,1e-05,"K4",0.878728,0.121272
"PI432071",1e-05,1e-05,1e-05,0.87731,1e-05,1e-05,1e-05,1e-05,1e-05,0.12261,"K4",0.87731,0.12269
"PI432184",1e-05,1e-05,1e-05,0.872454,0.127458,1e-05,1e-05,1e-05,1.8e-05,1e-05,"K4",0.872454,0.127546
"PI429369",1e-05,1e-05,1e-05,0.869257,1e-05,1e-05,1e-05,1e-05,0.130663,1e-05,"K4",0.869257,0.130743
"PI432188",1e-05,1e-05,1e-05,0.867018,1e-05,0.09203,1e-05,1e-05,0.040883,1e-05,"K4",0.867018,0.132982
"PI431809",1e-05,1e-05,1e-05,0.833871,0.08998,0.070873,1e-05,1e-05,0.005215,1e-05,"K4",0.833871,0.166129
"PI435954",1e-05,1e-05,1e-05,0.80161,0.19831,1e-05,1e-05,1e-05,1e-05,1e-05,"K4",0.80161,0.19839
"PI431631",1e-05,1e-05,1e-05,0.796863,1e-05,1e-05,1e-05,1e-05,1e-05,0.203057,"K4",0.796863,0.203137
"PI472629",1e-05,1e-05,1e-05,0.776422,0.125128,0.098376,1e-05,1e-05,1.3e-05,1e-05,"K4",0.776422,0.223578
"PI339310",1e-05,1e-05,1e-05,0.764365,0.228721,0.006845,1e-05,1e-05,1e-05,1e-05,"K4",0.764365,0.235635
"PI329169",1e-05,1e-05,1e-05,0.731955,1e-05,0.001432,0.106936,0.105627,0.054,1e-05,"K4",0.731955,0.268045
"PI431613",0.00497,1e-05,1e-05,0.717038,1e-05,1e-05,1e-05,1e-05,0.129886,0.148046,"K4",0.717038,0.282962
"PI298923",1e-05,0.018477,1e-05,0.715714,1e-05,0.084376,1e-05,0.076896,1e-05,0.104487,"K4",0.715714,0.284286
"PI329167",1e-05,1e-05,1e-05,0.714929,1e-05,1e-05,1e-05,0.049546,1e-05,0.235455,"K4",0.714929,0.285071
"PI432005",1e-05,1e-05,1e-05,0.697008,1e-05,1e-05,1e-05,1e-05,0.302912,1e-05,"K4",0.697008,0.302992
"PI432106",1e-05,1e-05,1e-05,0.628194,1e-05,1e-05,1e-05,1e-05,1e-05,0.371726,"K4",0.628194,0.371806
"PI429838",1e-05,1e-05,0.019007,0.616611,1e-05,0.011471,1e-05,1e-05,0.352851,1e-05,"K4",0.616611,0.383389
"PI432237",1e-05,1e-05,1e-05,0.592209,1e-05,1e-05,1e-05,1e-05,0.156221,0.251501,"K4",0.592209,0.407791
"PI431987",1e-05,1e-05,1e-05,0.582871,1e-05,0.08443,1e-05,1e-05,0.332629,1e-05,"K4",0.582871,0.417129
"PI426778",1e-05,1e-05,1e-05,0.578264,1e-05,0.421656,1e-05,1e-05,1e-05,1e-05,"K4",0.578264,0.421736
"PI451766",1e-05,0.015334,1e-05,0.563766,0.403715,1e-05,1e-05,0.017125,1e-05,1e-05,"K4",0.563766,0.436234
"PI432001",1e-05,1e-05,0.002152,0.559022,0.090074,0.033643,1e-05,1e-05,0.315059,1e-05,"K4",0.559022,0.440978
"PI298023",1e-05,1e-05,1e-05,0.547175,1e-05,0.007528,0.096912,0.24913,1e-05,0.099206,"K4",0.547175,0.452825
"PI383682",1e-05,0.000608,1e-05,0.53649,0.391427,0.071415,1e-05,1e-05,1e-05,1e-05,"K4",0.53649,0.46351
"PI299207",1e-05,0.00372,0.001162,0.451587,0.345035,1e-05,1e-05,1e-05,1e-05,0.198447,"K4",0.451587,0.548413
"PI477921",1e-05,1e-05,1e-05,0.448943,0.326661,1e-05,1e-05,1e-05,1e-05,0.224326,"K4",0.448943,0.551057
"ILL956",1e-05,0.0262,1e-05,0.419991,1e-05,1e-05,0.211799,0.185131,1e-05,0.15683,"K4",0.419991,0.580009
"PI175754",1e-05,0.046447,1e-05,0.391861,1e-05,0.023865,0.21613,0.321647,1e-05,1e-05,"K4",0.391861,0.608139
"ILL950",1e-05,1e-05,0.12461,0.353315,1e-05,1e-05,0.120616,0.193464,0.046032,0.161923,"K4",0.353315,0.646685
"PI299116",1e-05,1e-05,1e-05,1e-05,0.99991,1e-05,1e-05,1e-05,1e-05,1e-05,"K5",0.99991,9.00000000000345e-05
"PI320952",1e-05,1e-05,1e-05,1e-05,0.99991,1e-05,1e-05,1e-05,1e-05,1e-05,"K5",0.99991,9.00000000000345e-05
"PI374116",1e-05,1e-05,1e-05,1e-05,0.99991,1e-05,1e-05,1e-05,1e-05,1e-05,"K5",0.99991,9.00000000000345e-05
"PI533690",1e-05,1e-05,1e-05,1e-05,0.99991,1e-05,1e-05,1e-05,1e-05,1e-05,"K5",0.99991,9.00000000000345e-05
"PI490288",1e-05,1e-05,1.1e-05,1e-05,0.999909,1e-05,1e-05,1e-05,1e-05,1e-05,"K5",0.999909,9.09999999999522e-05
"PI518732",1e-05,1e-05,1e-05,1e-05,0.999909,1.1e-05,1e-05,1e-05,1e-05,1e-05,"K5",0.999909,9.09999999999522e-05
"PI486128",1e-05,1e-05,1e-05,1e-05,0.999906,1.4e-05,1e-05,1e-05,1e-05,1e-05,"K5",0.999906,9.40000000000385e-05
"PI320954",1e-05,1e-05,1.7e-05,1e-05,0.999903,1e-05,1e-05,1e-05,1e-05,1e-05,"K5",0.999903,9.70000000000137e-05
"PI533691",1e-05,1.1e-05,1.7e-05,1e-05,0.999901,1e-05,1e-05,1e-05,1e-05,1e-05,"K5",0.999901,9.89999999999602e-05
"PI468899",1e-05,1e-05,1e-05,1e-05,0.995547,0.004373,1e-05,1e-05,1e-05,1e-05,"K5",0.995547,0.00445300000000004
"PI533693",1e-05,1e-05,1e-05,0.034612,0.965308,1e-05,1e-05,1e-05,1e-05,1e-05,"K5",0.965308,0.0346919999999999
"PI518734",1e-05,1e-05,1e-05,1e-05,0.964838,1e-05,1e-05,1e-05,1e-05,0.035082,"K5",0.964838,0.035162
"PI358602",1e-05,1e-05,1e-05,0.041453,0.958467,1e-05,1e-05,1e-05,1e-05,1e-05,"K5",0.958467,0.041533
"PI320953",0.012816,1e-05,1e-05,0.028928,0.958186,1e-05,1e-05,1e-05,1e-05,1e-05,"K5",0.958186,0.041814
"PI518733",1e-05,1e-05,1e-05,1e-05,0.951605,0.048315,1e-05,1e-05,1e-05,1e-05,"K5",0.951605,0.048395
"PI432271",1e-05,1e-05,1e-05,1e-05,0.93573,0.064183,1.8e-05,1e-05,1e-05,1e-05,"K5",0.93573,0.06427
"PI312175",1e-05,1e-05,1e-05,0.077876,0.922044,1e-05,1e-05,1e-05,1e-05,1e-05,"K5",0.922044,0.077956
"PI468900",1e-05,1e-05,1e-05,1e-05,0.911621,0.002595,1e-05,1e-05,0.048219,0.037505,"K5",0.911621,0.088379
"W627765",1e-05,1e-05,1e-05,0.103739,0.896181,1e-05,1e-05,1e-05,1e-05,1e-05,"K5",0.896181,0.103819
"PI468902",1e-05,1e-05,1e-05,1e-05,0.87789,0.059988,1e-05,1e-05,1e-05,0.062051,"K5",0.87789,0.12211
"W627781",1e-05,1e-05,1e-05,0.158131,0.833309,1e-05,1e-05,1e-05,1e-05,0.00849,"K5",0.833309,0.166691
"W627758",1e-05,1e-05,1e-05,0.122642,0.830919,1e-05,1e-05,1e-05,0.046369,1e-05,"K5",0.830919,0.169081
"PI320936",1e-05,0.006576,0.055496,0.097124,0.829342,1e-05,0.011413,1e-05,1e-05,1e-05,"K5",0.829342,0.170658
"PI379368",1e-05,1e-05,0.002088,0.179628,0.818215,1e-05,1e-05,1e-05,1e-05,1e-05,"K5",0.818215,0.181785
"W627759",1e-05,1e-05,1e-05,0.184758,0.815162,1e-05,1e-05,1e-05,1e-05,1e-05,"K5",0.815162,0.184838
"PI471917",1e-05,1e-05,1e-05,0.189105,0.810815,1e-05,1e-05,1e-05,1e-05,1e-05,"K5",0.810815,0.189185
"PI299120",1e-05,1e-05,1e-05,0.1596,0.805747,1.2e-05,1e-05,1e-05,1e-05,0.034582,"K5",0.805747,0.194253
"PI458503",1e-05,1e-05,1e-05,0.096634,0.804478,1e-05,1e-05,0.098818,1e-05,1e-05,"K5",0.804478,0.195522
"PI472143",1e-05,1e-05,1e-05,0.204355,0.795565,1e-05,1e-05,1e-05,1e-05,1e-05,"K5",0.795565,0.204435
"PI490289",1e-05,1e-05,1e-05,0.070087,0.765834,0.01788,1e-05,1e-05,0.058064,0.088086,"K5",0.765834,0.234166
"PI368651",1.3e-05,1e-05,1e-05,0.142839,0.759152,1e-05,0.097936,1e-05,1e-05,1e-05,"K5",0.759152,0.240848
"W627762",0.022045,1e-05,1e-05,0.069665,0.757626,1e-05,0.036539,1e-05,1e-05,0.114075,"K5",0.757626,0.242374
"PI345627",1.7e-05,1e-05,1e-05,0.249934,0.74998,1e-05,1e-05,1e-05,1e-05,1e-05,"K5",0.74998,0.25002
"PI298922",1e-05,1e-05,1e-05,1e-05,0.736591,1e-05,0.093086,1e-05,1e-05,0.170253,"K5",0.736591,0.263409
"W627760",1e-05,0.006428,1e-05,1e-05,0.732841,1e-05,0.078749,0.058736,0.028012,0.095193,"K5",0.732841,0.267159
"PI432201",1e-05,1e-05,1e-05,0.271666,0.728254,1e-05,1e-05,1e-05,1e-05,1e-05,"K5",0.728254,0.271746
"PI368647",1e-05,1e-05,1e-05,0.195037,0.719413,1e-05,0.08548,1e-05,1e-05,1e-05,"K5",0.719413,0.280587
"PI472632",0.007542,1e-05,1e-05,0.075552,0.709219,0.127969,1e-05,1e-05,1e-05,0.079668,"K5",0.709219,0.290781
"W627756",1e-05,1e-05,1e-05,1e-05,0.705954,0.115391,1e-05,1e-05,0.028302,0.150293,"K5",0.705954,0.294046
"W627754",1e-05,1e-05,1e-05,0.167256,0.703846,0.041591,1e-05,1e-05,1e-05,0.087246,"K5",0.703846,0.296154
"PI432190",1e-05,1e-05,1e-05,0.296812,0.703108,1e-05,1e-05,1e-05,1e-05,1e-05,"K5",0.703108,0.296892
"PI289073",1e-05,1e-05,1e-05,1e-05,0.690093,1e-05,0.206058,0.042264,1e-05,0.061525,"K5",0.690093,0.309907
"PI451763",1e-05,1e-05,1e-05,0.141142,0.689292,0.162603,1e-05,1e-05,1e-05,0.006903,"K5",0.689292,0.310708
"W627782",1e-05,1e-05,1e-05,1e-05,0.688221,1e-05,1e-05,1e-05,1e-05,0.311699,"K5",0.688221,0.311779
"PI486127",1e-05,1e-05,1e-05,1e-05,0.685467,0.149771,1e-05,1e-05,1e-05,0.164693,"K5",0.685467,0.314533
"PI289079",1e-05,1e-05,1e-05,1e-05,0.683344,1e-05,0.132371,0.11583,1e-05,0.068395,"K5",0.683344,0.316656
"PI320945",0.010013,1e-05,1e-05,0.137021,0.65353,0.135214,1e-05,1e-05,1e-05,0.064172,"K5",0.65353,0.34647
"PI298122",1e-05,1e-05,1e-05,1e-05,0.645877,1e-05,0.110424,0.084411,1e-05,0.159227,"K5",0.645877,0.354123
"PI357225",1e-05,1.9e-05,1e-05,0.238709,0.638761,1e-05,1e-05,0.122452,1e-05,1e-05,"K5",0.638761,0.361239
"PI374121",1e-05,1e-05,1e-05,1.1e-05,0.635739,1e-05,1e-05,1e-05,1e-05,0.36418,"K5",0.635739,0.364261
"PI533688",1e-05,1e-05,1e-05,1e-05,0.612991,0.100235,1e-05,1e-05,1e-05,0.286704,"K5",0.612991,0.387009
"PI297285",1e-05,0.00647,1e-05,1e-05,0.607595,1e-05,1e-05,0.019757,1e-05,0.366118,"K5",0.607595,0.392405
"PI297754",1e-05,0.001153,1e-05,1e-05,0.588868,1e-05,0.100994,0.224556,1e-05,0.08438,"K5",0.588868,0.411132
"PI169534",1e-05,1.1e-05,1e-05,1e-05,0.579106,1e-05,0.122255,0.298569,1e-05,1e-05,"K5",0.579106,0.420894
"PI320937",1e-05,1e-05,0.022312,0.345607,0.567449,1e-05,1e-05,0.052671,0.011911,1e-05,"K5",0.567449,0.432551
"PI374120",1e-05,1e-05,1e-05,0.207594,0.566671,1e-05,1e-05,1e-05,1e-05,0.225665,"K5",0.566671,0.433329
"W627780",1e-05,0.005731,1e-05,1e-05,0.561813,1e-05,1e-05,1e-05,1e-05,0.432386,"K5",0.561813,0.438187
"PI508090",0.0011,1e-05,1e-05,0.309529,0.5485,1e-05,1e-05,1e-05,0.015612,0.125209,"K5",0.5485,0.4515
"PI298645",1e-05,1e-05,1e-05,1e-05,0.539884,1e-05,0.005813,0.127701,1e-05,0.326542,"K5",0.539884,0.460116
"PI299164",1e-05,0.0183,0.057084,1e-05,0.515262,0.031519,1e-05,1e-05,1e-05,0.377785,"K5",0.515262,0.484738
"PI178939",1e-05,0.016081,1e-05,0.124789,0.510183,1e-05,0.06639,0.282507,1e-05,1e-05,"K5",0.510183,0.489817
"ILL719",1e-05,1e-05,1e-05,1e-05,0.501736,1e-05,1e-05,0.498184,1e-05,1e-05,"K5",0.501736,0.498264
"PI472615",1e-05,1e-05,1e-05,0.292741,0.4984,1e-05,0.108615,1e-05,1e-05,0.100184,"K5",0.4984,0.5016
"PI297284",1e-05,0.016574,1e-05,1e-05,0.494675,1e-05,1e-05,0.248352,1e-05,0.240339,"K5",0.494675,0.505325
"PI299285",1e-05,1e-05,0.016179,1e-05,0.485484,1e-05,0.043922,1e-05,0.025195,0.42917,"K5",0.485484,0.514516
"ILL702",1e-05,0.008065,1e-05,1e-05,0.481893,1e-05,0.032216,0.477766,1e-05,1e-05,"K5",0.481893,0.518107
"PI297772",1e-05,0.033897,1e-05,1e-05,0.476739,1e-05,0.287377,0.041379,1e-05,0.160559,"K5",0.476739,0.523261
"PI299371",1e-05,1e-05,0.019057,0.127354,0.442386,0.000529,1e-05,1e-05,0.017168,0.393467,"K5",0.442386,0.557614
"W627766",0.003608,1e-05,1e-05,0.27583,0.436744,0.129872,0.107533,1e-05,1e-05,0.046372,"K5",0.436744,0.563256
"PI299177",1.7e-05,1e-05,1e-05,0.158563,0.435389,1e-05,1e-05,1e-05,1e-05,0.40597,"K5",0.435389,0.564611
"PI178940",1e-05,0.068915,1e-05,0.068766,0.42811,1e-05,0.246403,0.182349,1e-05,0.005417,"K5",0.42811,0.57189
"PI238758",1e-05,0.008691,1e-05,1e-05,0.415916,1e-05,0.387394,1e-05,1e-05,0.187939,"K5",0.415916,0.584084
"PI320944",1e-05,0.003485,1e-05,0.288457,0.400019,1e-05,0.00126,1e-05,0.073235,0.233504,"K5",0.400019,0.599981
"ILL6644",1e-05,1e-05,1e-05,1e-05,0.377713,1e-05,1e-05,0.247985,1e-05,0.374233,"K5",0.377713,0.622287
"PI299215",0.021986,1e-05,0.049249,0.18493,0.361596,1e-05,1e-05,1e-05,0.301789,0.08041,"K5",0.361596,0.638404
"PI432286",1e-05,1e-05,1e-05,0.305669,0.34496,0.282479,0.066831,1e-05,1e-05,1e-05,"K5",0.34496,0.65504
"PI472588",1e-05,1e-05,1e-05,0.122513,0.334418,0.186211,0.009948,1e-05,0.323322,0.023548,"K5",0.334418,0.665582
"PI298357",1e-05,1e-05,1e-05,0.258302,0.283697,0.065043,0.148999,0.243909,1e-05,1e-05,"K5",0.283697,0.716303
"PI472122",1e-05,1e-05,1e-05,1e-05,1e-05,0.99991,1e-05,1e-05,1e-05,1e-05,"K6",0.99991,9.00000000000345e-05
"PI472200",1e-05,1e-05,1e-05,1e-05,1e-05,0.99991,1e-05,1e-05,1e-05,1e-05,"K6",0.99991,9.00000000000345e-05
"PI472205",1e-05,1e-05,1e-05,1e-05,1e-05,0.99991,1e-05,1e-05,1e-05,1e-05,"K6",0.99991,9.00000000000345e-05
"PI472274",1e-05,1e-05,1e-05,1e-05,1e-05,0.99991,1e-05,1e-05,1e-05,1e-05,"K6",0.99991,9.00000000000345e-05
"PI472383",1e-05,1e-05,1e-05,1e-05,1e-05,0.99991,1e-05,1e-05,1e-05,1e-05,"K6",0.99991,9.00000000000345e-05
"PI472416",1e-05,1e-05,1e-05,1e-05,1e-05,0.99991,1e-05,1e-05,1e-05,1e-05,"K6",0.99991,9.00000000000345e-05
"PI472488",1e-05,1e-05,1e-05,1e-05,1e-05,0.99991,1e-05,1e-05,1e-05,1e-05,"K6",0.99991,9.00000000000345e-05
"PI472569",1e-05,1e-05,1e-05,1.1e-05,1e-05,0.999909,1e-05,1e-05,1e-05,1e-05,"K6",0.999909,9.09999999999522e-05
"PI472549",1e-05,1e-05,1e-05,1e-05,1e-05,0.999908,1e-05,1e-05,1.2e-05,1e-05,"K6",0.999908,9.1999999999981e-05
"PI472224",1e-05,1e-05,1e-05,1.1e-05,1e-05,0.999907,1e-05,1e-05,1.1e-05,1e-05,"K6",0.999907,9.30000000000097e-05
"PI472562",1e-05,1e-05,1e-05,1e-05,1e-05,0.999903,1e-05,1e-05,1.7e-05,1e-05,"K6",0.999903,9.70000000000137e-05
"PI472484",1e-05,1e-05,1.1e-05,1e-05,1e-05,0.999902,1e-05,1e-05,1.8e-05,1e-05,"K6",0.999902,9.80000000000425e-05
"PI472136",1e-05,1e-05,1e-05,1e-05,1e-05,0.9999,1e-05,1e-05,2e-05,1e-05,"K6",0.9999,9.9999999999989e-05
"PI472161",1e-05,1e-05,1e-05,1e-05,0.005769,0.994151,1e-05,1e-05,1e-05,1e-05,"K6",0.994151,0.00584899999999999
"PI472137",1e-05,1e-05,1e-05,1e-05,0.021593,0.978327,1e-05,1e-05,1e-05,1e-05,"K6",0.978327,0.0216730000000001
"PI472175",1e-05,1e-05,1e-05,0.025562,1e-05,0.974358,1e-05,1e-05,1e-05,1e-05,"K6",0.974358,0.0256420000000001
"PI472194",1e-05,1e-05,1e-05,1e-05,0.064887,0.935033,1e-05,1e-05,1e-05,1e-05,"K6",0.935033,0.064967
"PI472458",1e-05,1e-05,1e-05,1e-05,0.08203,0.91789,1e-05,1e-05,1e-05,1e-05,"K6",0.91789,0.08211
"PI472561",1e-05,1e-05,1e-05,1e-05,1e-05,0.895448,1e-05,1e-05,0.104472,1e-05,"K6",0.895448,0.104552
"PI426784",1e-05,1e-05,1e-05,0.050776,1e-05,0.892591,1e-05,1e-05,0.056563,1e-05,"K6",0.892591,0.107409
"PI472327",1e-05,1e-05,0.028332,1e-05,0.058962,0.887817,0.024829,1e-05,1e-05,1e-05,"K6",0.887817,0.112183
"PI472559",1e-05,1e-05,1e-05,1e-05,0.116898,0.883022,1e-05,1e-05,1e-05,1e-05,"K6",0.883022,0.116978
"PI472400",1e-05,1e-05,1e-05,1e-05,0.122946,0.876974,1e-05,1e-05,1e-05,1e-05,"K6",0.876974,0.123026
"PI472372",1e-05,1e-05,0.02532,1e-05,0.061876,0.774508,0.138236,1e-05,1e-05,1e-05,"K6",0.774508,0.225492
"PI250158",1e-05,1e-05,0.01736,1e-05,1e-05,0.595023,0.387547,1e-05,1e-05,1e-05,"K6",0.595023,0.404977
"PI250156",1e-05,1e-05,1e-05,1e-05,1e-05,0.591099,0.408821,1e-05,1e-05,1e-05,"K6",0.591099,0.408901
"ILL7774",1e-05,1e-05,1e-05,1e-05,1e-05,0.417208,0.261183,0.297761,1e-05,0.023788,"K6",0.417208,0.582792
"PI426803",1e-05,1e-05,1e-05,0.346793,1e-05,0.408106,1e-05,1e-05,0.245032,1e-05,"K6",0.408106,0.591894
"ILL4345",1e-05,0.112324,0.17746,1e-05,1e-05,0.398628,1e-05,0.311528,1e-05,1e-05,"K6",0.398628,0.601372
"ILL7789",1e-05,1e-05,1e-05,1e-05,0.01181,0.384206,0.264515,0.339409,1e-05,1e-05,"K6",0.384206,0.615794
"PI339283",1e-05,1e-05,0.011699,0.189614,1e-05,0.322791,0.189619,1e-05,0.286227,1e-05,"K6",0.322791,0.677209
"PI339285",0.008612,1e-05,0.004957,0.30065,0.226886,0.32106,0.025365,1e-05,0.11244,1e-05,"K6",0.32106,0.67894
"PI308614",1e-05,1e-05,0.011099,0.190541,0.251615,0.294104,0.207047,0.045555,1e-05,1e-05,"K6",0.294104,0.705896
"PI181771",1e-05,1e-05,1e-05,1e-05,1e-05,1e-05,0.99991,1e-05,1e-05,1e-05,"K7",0.99991,9.00000000000345e-05
"PI193547",1e-05,1e-05,1e-05,1e-05,1e-05,1e-05,0.99991,1e-05,1e-05,1e-05,"K7",0.99991,9.00000000000345e-05
"PI207492",1e-05,1e-05,1e-05,1e-05,1e-05,1e-05,0.99991,1e-05,1e-05,1e-05,"K7",0.99991,9.00000000000345e-05
"PI212100",1e-05,1e-05,1e-05,1e-05,1e-05,1e-05,0.99991,1e-05,1e-05,1e-05,"K7",0.99991,9.00000000000345e-05
"PI178971",1e-05,1e-05,1e-05,1e-05,1e-05,1e-05,0.883909,1e-05,0.116011,1e-05,"K7",0.883909,0.116091
"PI179324",1e-05,1e-05,1e-05,0.025852,0.13743,0.041955,0.794704,1e-05,1e-05,1e-05,"K7",0.794704,0.205296
"PI297787",1e-05,0.017561,1e-05,1e-05,1e-05,1e-05,0.756511,1e-05,0.225858,1e-05,"K7",0.756511,0.243489
"PI211602",1e-05,1.4e-05,1e-05,1e-05,0.035222,1e-05,0.734931,1e-05,0.229773,1e-05,"K7",0.734931,0.265069
"PI182217",1e-05,1e-05,0.001469,0.232289,1e-05,0.030742,0.619034,0.116416,1e-05,1e-05,"K7",0.619034,0.380966
"PI300250",1e-05,1e-05,1e-05,0.005128,0.143617,0.110141,0.535286,0.0995,1e-05,0.106287,"K7",0.535286,0.464714
"PI217949",1e-05,1e-05,1.4e-05,1e-05,0.035598,0.438313,0.526015,1e-05,1e-05,1e-05,"K7",0.526015,0.473985
"ILL343",1e-05,1e-05,0.066801,1e-05,1e-05,1.4e-05,0.484382,0.448743,1e-05,1e-05,"K7",0.484382,0.515618
"PI290716",1e-05,0.010178,1e-05,1e-05,0.354322,0.16767,0.467769,1e-05,1e-05,1e-05,"K7",0.467769,0.532231
"ILL3487",1e-05,0.035366,0.119933,1e-05,1e-05,0.178079,0.419149,0.247424,1e-05,1e-05,"K7",0.419149,0.580851
"ILL4164",0.104515,0.016378,0.097168,1e-05,1e-05,1e-05,0.404009,0.377879,1e-05,1e-05,"K7",0.404009,0.595991
"ILL7650",1e-05,1e-05,1.6e-05,1e-05,1e-05,1e-05,0.403572,0.263621,0.186396,0.146344,"K7",0.403572,0.596428
"W627767",1.1e-05,1e-05,1e-05,0.188507,0.241536,0.142495,0.396446,1e-05,1e-05,0.030965,"K7",0.396446,0.603554
"ILL191",1e-05,1e-05,1e-05,1e-05,1e-05,1e-05,1e-05,0.99991,1e-05,1e-05,"K8",0.99991,9.00000000000345e-05
"ILL4471",1e-05,1e-05,1e-05,1e-05,1e-05,1e-05,1e-05,0.99991,1e-05,1e-05,"K8",0.99991,9.00000000000345e-05
"ILL4899",1e-05,1e-05,1e-05,1e-05,1e-05,1e-05,1e-05,0.99991,1e-05,1e-05,"K8",0.99991,9.00000000000345e-05
"ILL4915",1e-05,1e-05,1e-05,1e-05,1e-05,1e-05,1e-05,0.99991,1e-05,1e-05,"K8",0.99991,9.00000000000345e-05
"ILL5424",1e-05,1e-05,1e-05,1e-05,1e-05,1e-05,1e-05,0.99991,1e-05,1e-05,"K8",0.99991,9.00000000000345e-05
"ILL5595",1e-05,1e-05,1e-05,1e-05,1e-05,1e-05,1e-05,0.99991,1e-05,1e-05,"K8",0.99991,9.00000000000345e-05
"ILL5639",1e-05,1e-05,1e-05,1e-05,1e-05,1e-05,1e-05,0.99991,1e-05,1e-05,"K8",0.99991,9.00000000000345e-05
"ILL5028",0.0109,1e-05,1e-05,1e-05,1e-05,1e-05,1e-05,0.98902,1e-05,1e-05,"K8",0.98902,0.01098
"ILL4900",1e-05,1e-05,1e-05,0.011336,1e-05,1e-05,1e-05,0.988584,1e-05,1e-05,"K8",0.988584,0.011416
"ILL5418",0.006984,0.020596,1e-05,1e-05,1e-05,1e-05,1e-05,0.97235,1e-05,1e-05,"K8",0.97235,0.02765
"ILL5519",1e-05,1e-05,1e-05,1e-05,1e-05,1e-05,0.02905,0.97087,1e-05,1e-05,"K8",0.97087,0.02913
"ILL550",1e-05,1e-05,0.021344,1e-05,1e-05,0.010981,1e-05,0.967604,1e-05,1e-05,"K8",0.967604,0.032396
"ILL1949",1e-05,0.035259,0.006833,1e-05,1e-05,1e-05,1e-05,0.957839,1e-05,1e-05,"K8",0.957839,0.042161
"ILL2297",0.028292,0.014629,1.7e-05,1e-05,1e-05,1e-05,1e-05,0.957002,1e-05,1e-05,"K8",0.957002,0.042998
"ILL502",0.046748,1e-05,1e-05,1e-05,1e-05,1e-05,1e-05,0.953172,1e-05,1e-05,"K8",0.953172,0.046828
"ILL4738",0.017656,0.048707,1e-05,1e-05,1e-05,1e-05,1e-05,0.933567,1e-05,1e-05,"K8",0.933567,0.066433
"ILL2181",1e-05,0.013961,1e-05,1e-05,0.060362,1e-05,1e-05,0.925607,1e-05,1e-05,"K8",0.925607,0.074393
"ILL158",0.007246,0.00564,0.031483,0.04595,1e-05,1e-05,1e-05,0.909631,1e-05,1e-05,"K8",0.909631,0.090369
"ILL304",0.029212,0.07987,1e-05,1e-05,1e-05,1e-05,1e-05,0.890848,1e-05,1e-05,"K8",0.890848,0.109152
"ILL6185",1e-05,1e-05,1e-05,1e-05,0.112846,1e-05,1e-05,0.887074,1e-05,1e-05,"K8",0.887074,0.112926
"ILL1671",1e-05,0.028667,1e-05,0.041022,0.043977,1e-05,1e-05,0.886273,1e-05,1e-05,"K8",0.886273,0.113727
"ILL4956",1e-05,0.098453,1e-05,0.030218,1e-05,1e-05,1e-05,0.871259,1e-05,1e-05,"K8",0.871259,0.128741
"ILL4774",1e-05,1e-05,0.129991,1e-05,1e-05,1e-05,1e-05,0.869929,1e-05,1e-05,"K8",0.869929,0.130071
"ILL4778",1e-05,0.047396,1e-05,1e-05,0.083296,1e-05,1e-05,0.869238,1e-05,1e-05,"K8",0.869238,0.130762
"ILL2150",1e-05,0.049323,1e-05,1e-05,0.088688,1e-05,1e-05,0.861919,1e-05,1e-05,"K8",0.861919,0.138081
"ILL5956",1e-05,1e-05,1e-05,1e-05,1e-05,1e-05,0.130453,0.84499,0.024487,1e-05,"K8",0.84499,0.15501
"ILL1851",0.021721,0.045904,1e-05,1e-05,1e-05,0.009448,1e-05,0.843847,1e-05,0.07903,"K8",0.843847,0.156153
"ILL4804",0.078684,1.1e-05,1e-05,1e-05,1e-05,1e-05,0.010531,0.820362,1e-05,0.090362,"K8",0.820362,0.179638
"ILL623",1e-05,0.049376,1e-05,1e-05,0.138055,1e-05,1e-05,0.812499,1e-05,1e-05,"K8",0.812499,0.187501
"ILL5653",1e-05,1e-05,1e-05,1e-05,1e-05,1e-05,1e-05,0.790715,1e-05,0.209205,"K8",0.790715,0.209285
"ILL595",1e-05,1e-05,1e-05,0.168915,1e-05,1e-05,1e-05,0.787731,0.043284,1e-05,"K8",0.787731,0.212269
"ILL2231",1e-05,1e-05,1e-05,1e-05,1e-05,0.190775,1e-05,0.773221,0.035933,1e-05,"K8",0.773221,0.226779
"ILL223",0.013121,0.047541,0.019365,0.154503,1e-05,1e-05,1e-05,0.76542,1e-05,1e-05,"K8",0.76542,0.23458
"ILL6149",0.009854,1e-05,1.1e-05,0.195623,1e-05,0.013472,1e-05,0.753506,1e-05,0.027493,"K8",0.753506,0.246494
"ILL619",1e-05,0.021508,1e-05,1e-05,0.231535,1e-05,1e-05,0.746887,1e-05,1e-05,"K8",0.746887,0.253113
"ILL5645",1e-05,1e-05,1e-05,1e-05,1e-05,1e-05,1e-05,0.744117,1e-05,0.255803,"K8",0.744117,0.255883
"ILL4881",1e-05,0.022045,1e-05,1e-05,1e-05,1e-05,1e-05,0.717918,1e-05,0.259967,"K8",0.717918,0.282082
"ILL4791",0.016009,1e-05,1e-05,1e-05,1e-05,1e-05,0.035188,0.704241,1e-05,0.244502,"K8",0.704241,0.295759
"ILL1890",0.135625,1e-05,1e-05,1e-05,1e-05,1e-05,0.03027,0.667829,1e-05,0.166216,"K8",0.667829,0.332171
"ILL6272",1e-05,1e-05,1e-05,1e-05,0.315559,1e-05,1e-05,0.665851,1e-05,0.018519,"K8",0.665851,0.334149
"ILL635",1e-05,1e-05,1e-05,1e-05,0.33542,1e-05,1e-05,0.6645,1e-05,1e-05,"K8",0.6645,0.3355
"ILL4926",1e-05,0.012431,1e-05,1e-05,1e-05,1e-05,0.022418,0.657479,1e-05,0.307612,"K8",0.657479,0.342521
"ILL52",1e-05,1e-05,0.139436,1e-05,1e-05,1e-05,0.215543,0.644951,1e-05,1e-05,"K8",0.644951,0.355049
"ILL494",0.05162,1e-05,1e-05,1e-05,1e-05,1e-05,1e-05,0.644763,1e-05,0.303548,"K8",0.644763,0.355237
"ILL257",0.110497,0.02637,1e-05,1e-05,1e-05,1e-05,1e-05,0.639667,1e-05,0.223406,"K8",0.639667,0.360333
"ILL1706",1e-05,1e-05,0.011155,1e-05,1e-05,0.02233,0.136422,0.638235,0.104031,0.087786,"K8",0.638235,0.361765
"ILL2406",1e-05,1e-05,0.137398,1e-05,1e-05,1e-05,1e-05,0.628605,0.200364,0.033573,"K8",0.628605,0.371395
"ILL5968",0.069163,1e-05,1e-05,1e-05,1e-05,1e-05,1e-05,0.628451,1e-05,0.302315,"K8",0.628451,0.371549
"ILL556",1e-05,1e-05,1e-05,1e-05,1e-05,0.216593,0.107766,0.625806,0.049775,1e-05,"K8",0.625806,0.374194
"ILL4606",1e-05,0.023981,1e-05,1e-05,1e-05,1e-05,1e-05,0.618935,1e-05,0.357014,"K8",0.618935,0.381065
"ILL5384",0.052247,1e-05,1e-05,1e-05,1e-05,1e-05,1e-05,0.606277,1e-05,0.341406,"K8",0.606277,0.393723
"ILL624",1e-05,1e-05,1e-05,1e-05,0.397371,1e-05,1e-05,0.602549,1e-05,1e-05,"K8",0.602549,0.397451
"ILL4671",0.033933,1e-05,1e-05,1e-05,1e-05,1e-05,1e-05,0.589958,1e-05,0.37604,"K8",0.589958,0.410042
"ILL5626",1e-05,1e-05,1e-05,1e-05,1e-05,1e-05,1e-05,0.584727,1e-05,0.415193,"K8",0.584727,0.415273
"ILL598",0.015081,1e-05,1e-05,1e-05,1e-05,1e-05,1e-05,0.582239,0.40261,1e-05,"K8",0.582239,0.417761
"ILL224",0.047647,0.020299,0.043351,1e-05,1e-05,1e-05,1e-05,0.581444,1e-05,0.307209,"K8",0.581444,0.418556
"ILL4782",1e-05,1e-05,0.034344,1e-05,1e-05,1e-05,0.219131,0.573357,0.173108,1e-05,"K8",0.573357,0.426643
"ILL5261",0.093933,1e-05,1e-05,1e-05,1e-05,1e-05,0.059159,0.563309,1e-05,0.28354,"K8",0.563309,0.436691
"ILL1861",0.139082,1e-05,1e-05,1e-05,1e-05,1e-05,0.051009,0.562573,1e-05,0.247276,"K8",0.562573,0.437427
"ILL4875",1e-05,1e-05,0.025048,1e-05,1e-05,1e-05,0.17912,0.561699,0.234073,1e-05,"K8",0.561699,0.438301
"ILL705",1e-05,0.027637,1e-05,1e-05,0.412186,1e-05,1e-05,0.560107,1e-05,1e-05,"K8",0.560107,0.439893
"ILL1097",0.012347,1.5e-05,0.005355,1e-05,1e-05,1e-05,1e-05,0.55541,0.426822,1e-05,"K8",0.55541,0.44459
"ILL5505",1e-05,1e-05,0.011837,1e-05,1e-05,1e-05,1e-05,0.550639,0.437454,1e-05,"K8",0.550639,0.449361
"ILL5416",1e-05,0.003951,0.000477,1e-05,1e-05,1e-05,1e-05,0.53812,0.457392,1e-05,"K8",0.53812,0.46188
"ILL5151",0.145668,1e-05,1e-05,1e-05,1e-05,1e-05,1e-05,0.534367,1e-05,0.319895,"K8",0.534367,0.465633
"ILL7495",1e-05,1e-05,1e-05,0.160019,0.16767,1e-05,0.149663,0.522588,1e-05,1e-05,"K8",0.522588,0.477412
"ILL4831",1e-05,1.5e-05,0.09869,1e-05,1e-05,0.380682,1e-05,0.520553,1e-05,1e-05,"K8",0.520553,0.479447
"ILL597",0.040624,1e-05,0.006574,1e-05,1e-05,1e-05,1e-05,0.506854,1e-05,0.445889,"K8",0.506854,0.493146
"ILL6350",1e-05,1e-05,1e-05,1e-05,1e-05,1e-05,1e-05,0.503538,1e-05,0.496382,"K8",0.503538,0.496462
"ILL5553",1e-05,1.2e-05,1e-05,1e-05,1e-05,1e-05,1e-05,0.500176,1e-05,0.499742,"K8",0.500176,0.499824
"ILL5509",0.087435,1e-05,1e-05,1e-05,1e-05,1e-05,1e-05,0.49636,1e-05,0.416135,"K8",0.49636,0.50364
"ILL7070",0.008777,1e-05,1e-05,1e-05,1e-05,1e-05,0.055885,0.485689,1e-05,0.449589,"K8",0.485689,0.514311
"ILL6406",0.018724,1e-05,1e-05,1e-05,0.047248,1e-05,1e-05,0.472637,1e-05,0.461331,"K8",0.472637,0.527363
"ILL7745",1e-05,1e-05,1e-05,1e-05,1e-05,0.027021,0.329664,0.439336,0.188096,0.015832,"K8",0.439336,0.560664
"ILL7437",1e-05,1e-05,1e-05,1e-05,0.155055,1e-05,1e-05,0.431671,0.017586,0.395628,"K8",0.431671,0.568329
"ILL1959",0.076657,1e-05,0.12535,1e-05,1e-05,1e-05,0.034354,0.41354,0.350048,1e-05,"K8",0.41354,0.58646
"ILL5533",0.126764,1e-05,0.004232,1e-05,1e-05,0.032006,0.082949,0.400103,1e-05,0.353904,"K8",0.400103,0.599897
"ILL4409",1e-05,0.253423,1e-05,1e-05,0.073279,1e-05,0.039894,0.395403,1e-05,0.237953,"K8",0.395403,0.604597
"ILL858",0.027973,0.017187,1e-05,1e-05,0.32806,1e-05,0.231328,0.395402,1e-05,1e-05,"K8",0.395402,0.604598
"ILL931",0.017717,0.032908,0.028752,1e-05,0.221179,1e-05,0.170428,0.368798,1e-05,0.160189,"K8",0.368798,0.631202
"PI299366",1e-05,1e-05,1e-05,1e-05,0.257489,1e-05,0.027945,0.368726,1e-05,0.345779,"K8",0.368726,0.631274
"ILL918",1e-05,0.110906,0.024627,0.304864,1e-05,1e-05,0.196902,0.351983,1e-05,0.010678,"K8",0.351983,0.648017
"ILL3517",0.018711,1e-05,0.202421,1e-05,1e-05,0.252298,0.182479,0.344041,1e-05,1e-05,"K8",0.344041,0.655959
"PI431666",1e-05,1e-05,1e-05,1e-05,1e-05,1e-05,1e-05,1e-05,0.99991,1e-05,"K9",0.99991,9.00000000000345e-05
"PI431728",1e-05,1e-05,1e-05,1e-05,1e-05,1e-05,1e-05,1e-05,0.99991,1e-05,"K9",0.99991,9.00000000000345e-05
"PI432212",1e-05,1e-05,1e-05,1e-05,1e-05,1e-05,1e-05,1e-05,0.99991,1e-05,"K9",0.99991,9.00000000000345e-05
"PI431710",1e-05,1e-05,1.1e-05,1e-05,1e-05,1e-05,1e-05,1e-05,0.999909,1e-05,"K9",0.999909,9.09999999999522e-05
"PI431717",1e-05,1.2e-05,1e-05,1e-05,1e-05,1e-05,1e-05,1e-05,0.999908,1e-05,"K9",0.999908,9.1999999999981e-05
"PI431731",1e-05,1e-05,1.3e-05,1e-05,1e-05,1e-05,1e-05,1e-05,0.999907,1e-05,"K9",0.999907,9.30000000000097e-05
"PI431675",1e-05,1e-05,1.8e-05,1.3e-05,1e-05,1e-05,1e-05,1e-05,0.999899,1e-05,"K9",0.999899,0.000101000000000018
"PI432236",1e-05,1e-05,1e-05,0.010433,1e-05,1e-05,1e-05,1e-05,0.989487,1e-05,"K9",0.989487,0.010513
"PI431679",1e-05,1e-05,1e-05,0.026089,1e-05,0.013032,1e-05,1e-05,0.96081,1e-05,"K9",0.96081,0.0391899999999999
"PI432145",1e-05,1e-05,1e-05,0.04333,1e-05,1e-05,1e-05,1e-05,0.95659,1e-05,"K9",0.95659,0.0434099999999999
"PI432147",1e-05,1e-05,0.002655,1e-05,1e-05,0.041168,1e-05,1e-05,0.956106,1e-05,"K9",0.956106,0.043894
"PI431663",1e-05,1e-05,1e-05,0.046296,1e-05,1e-05,1e-05,1e-05,0.953624,1e-05,"K9",0.953624,0.046376
"PI431756",1e-05,1e-05,0.018748,1e-05,0.012934,1e-05,1e-05,1e-05,0.947054,0.021204,"K9",0.947054,0.052946
"PI432028",1.1e-05,1e-05,1e-05,1e-05,1e-05,1e-05,0.069181,1e-05,0.930738,1e-05,"K9",0.930738,0.069262
"PI431622",1e-05,1.4e-05,1e-05,0.043477,1e-05,0.019749,0.021944,1e-05,0.914765,1e-05,"K9",0.914765,0.0852349999999999
"PI432033",1e-05,1e-05,1e-05,1e-05,1e-05,1e-05,0.10711,1e-05,0.89281,1e-05,"K9",0.89281,0.10719
"PI431684",1e-05,1e-05,1e-05,0.123559,1e-05,1e-05,1e-05,1e-05,0.876361,1e-05,"K9",0.876361,0.123639
"PI432124",1e-05,1e-05,1e-05,0.125604,1e-05,1e-05,1e-05,1e-05,0.874316,1e-05,"K9",0.874316,0.125684
"PI299351",1.3e-05,1e-05,0.060726,1e-05,1e-05,1e-05,0.074833,1e-05,0.864369,1e-05,"K9",0.864369,0.135631
"PI431633",1e-05,1e-05,1e-05,0.109394,1e-05,1e-05,0.058002,1e-05,0.832534,1e-05,"K9",0.832534,0.167466
"PI431923",1e-05,1e-05,1e-05,0.158816,1e-05,0.048973,1e-05,1e-05,0.79214,1e-05,"K9",0.79214,0.20786
"PI431863",1e-05,1e-05,1e-05,0.193336,1e-05,1e-05,1e-05,1e-05,0.735108,0.071487,"K9",0.735108,0.264892
"PI320941",1e-05,1e-05,1.2e-05,0.297868,1e-05,1e-05,1e-05,1e-05,0.70205,1e-05,"K9",0.70205,0.29795
"PI299237",0.036029,1e-05,0.021121,0.033061,0.125553,1e-05,1e-05,1e-05,0.700173,0.084024,"K9",0.700173,0.299827
"PI431630",1e-05,1e-05,1e-05,0.241983,1e-05,0.111187,0.020805,1e-05,0.625964,1e-05,"K9",0.625964,0.374036
"PI432002",1e-05,1e-05,1e-05,0.376048,1e-05,1e-05,1e-05,1e-05,0.623872,1e-05,"K9",0.623872,0.376128
"PI343026",1e-05,1e-05,1e-05,1e-05,0.091572,0.090132,0.204543,1e-05,0.613693,1e-05,"K9",0.613693,0.386307
"ILL82",1.4e-05,1e-05,0.034988,1e-05,1e-05,1e-05,0.323298,0.119257,0.522394,1e-05,"K9",0.522394,0.477606
"PI426202",1e-05,1e-05,1e-05,0.052242,1e-05,0.092441,0.36666,1e-05,0.488597,1e-05,"K9",0.488597,0.511403
"PI432087",1e-05,1e-05,1e-05,0.120595,0.255567,0.109339,0.055024,1e-05,0.459425,1e-05,"K9",0.459425,0.540575
"PI163589",1e-05,0.02895,1e-05,1e-05,1e-05,1e-05,0.016269,1e-05,1e-05,0.954711,"K10",0.954711,0.045289
"ILL7108",1e-05,1e-05,1e-05,1e-05,1e-05,1e-05,0.165675,0.058653,1e-05,0.775602,"K10",0.775602,0.224398
"PI280686",0.034452,1e-05,1e-05,1e-05,1e-05,0.052238,0.167406,1e-05,1e-05,0.745843,"K10",0.745843,0.254157
"ILL71",0.027983,0.093232,1e-05,1e-05,1e-05,1e-05,1e-05,0.165052,1e-05,0.713674,"K10",0.713674,0.286326
"PI283604",1e-05,0.054313,1e-05,1e-05,0.173808,1e-05,0.062545,1e-05,1e-05,0.709274,"K10",0.709274,0.290726
"PI311107",1e-05,1e-05,1e-05,0.272237,0.023189,1e-05,1e-05,1e-05,1e-05,0.704504,"K10",0.704504,0.295496
"ILL840",0.103343,1e-05,1e-05,1e-05,1e-05,1e-05,0.07515,0.125244,1e-05,0.696203,"K10",0.696203,0.303797
"PI297767",1e-05,1e-05,1e-05,1e-05,0.158521,1e-05,0.043991,0.102609,1e-05,0.694819,"K10",0.694819,0.305181
"PI289077",1e-05,1e-05,1e-05,1e-05,1e-05,0.061516,0.248743,1e-05,1e-05,0.689671,"K10",0.689671,0.310329
"PI298644",1e-05,1e-05,1e-05,1e-05,0.198312,0.10596,0.010555,1e-05,1e-05,0.685113,"K10",0.685113,0.314887
"PI420929",0.016548,1e-05,1e-05,0.273088,1e-05,1e-05,0.057486,1e-05,1e-05,0.652818,"K10",0.652818,0.347182
"PI251248",0.038686,1e-05,1e-05,1e-05,1e-05,1e-05,0.348535,1e-05,1e-05,0.612709,"K10",0.612709,0.387291
"ILL6925",1e-05,1e-05,1e-05,1e-05,0.087026,1e-05,1e-05,0.303641,1e-05,0.609263,"K10",0.609263,0.390737
"PI244046",0.005665,1e-05,1e-05,1e-05,0.023542,1e-05,0.182214,0.189412,1e-05,0.599117,"K10",0.599117,0.400883
"ILL1013",0.055133,1e-05,1e-05,1e-05,1e-05,1e-05,1e-05,0.35297,1e-05,0.591826,"K10",0.591826,0.408174
"PI193548",1e-05,1e-05,1e-05,1e-05,1e-05,1e-05,0.415631,1e-05,1e-05,0.584289,"K10",0.584289,0.415711
"PI299163",1e-05,1e-05,1e-05,0.000648,0.302237,0.114636,1e-05,1e-05,1e-05,0.582419,"K10",0.582419,0.417581
"PI320946",0.02457,1e-05,0.003569,0.282894,0.065506,0.027744,1e-05,1e-05,0.020417,0.57527,"K10",0.57527,0.42473
"ILL890",1e-05,1e-05,0.017392,1e-05,1e-05,1e-05,0.360087,0.052753,1e-05,0.569707,"K10",0.569707,0.430293
"PI370481",1e-05,1e-05,1e-05,1e-05,0.150419,1e-05,0.281703,1e-05,1e-05,0.567808,"K10",0.567808,0.432192
"ILL4781",0.079028,1e-05,1e-05,1e-05,1e-05,1e-05,1e-05,0.361521,1e-05,0.559381,"K10",0.559381,0.440619
"ILL6493",1e-05,1e-05,1e-05,1e-05,0.071248,1e-05,0.032342,0.345971,1e-05,0.55038,"K10",0.55038,0.44962
"PI420924",1e-05,1e-05,1e-05,0.145549,0.124703,0.188641,1e-05,1e-05,1e-05,0.541047,"K10",0.541047,0.458953
"PI298631",1e-05,1e-05,1e-05,1e-05,0.44226,1e-05,0.022149,1e-05,1e-05,0.535521,"K10",0.535521,0.464479
"PI299354",1e-05,1e-05,1e-05,1e-05,0.465327,1e-05,1e-05,1e-05,1e-05,0.534593,"K10",0.534593,0.465407
"PI297287",1e-05,0.046783,1e-05,1e-05,0.235253,1e-05,0.004137,0.183543,1e-05,0.530234,"K10",0.530234,0.469766
"PI289070",1e-05,1e-05,1e-05,1.5e-05,0.288552,1e-05,0.186499,1e-05,1e-05,0.524874,"K10",0.524874,0.475126
"ILL6528",0.010653,1e-05,1e-05,1e-05,0.137291,1e-05,1e-05,0.327313,1e-05,0.524682,"K10",0.524682,0.475318
"PI251032",1e-05,0.036589,1e-05,0.064656,0.15818,1e-05,0.242077,1e-05,1e-05,0.498447,"K10",0.498447,0.501553
"ILL1649",0.10241,1e-05,1e-05,1e-05,1e-05,1e-05,1e-05,0.399365,1e-05,0.498154,"K10",0.498154,0.501846
"ILL7090",0.003198,0.011414,1e-05,0.096662,0.067143,1e-05,1e-05,0.32438,1e-05,0.497162,"K10",0.497162,0.502838
"W627763",0.103689,1e-05,1e-05,0.249293,0.114335,1e-05,0.048459,1e-05,1e-05,0.484174,"K10",0.484174,0.515826
"PI420925",1e-05,1e-05,1e-05,0.418742,0.051708,1e-05,1e-05,1e-05,0.046672,0.482818,"K10",0.482818,0.517182
"ILL7727",1e-05,1e-05,1e-05,0.029243,1e-05,1e-05,1e-05,0.378241,0.112237,0.48022,"K10",0.48022,0.51978
"PI181886",1e-05,1e-05,1e-05,1e-05,1e-05,1e-05,0.290525,0.234353,1e-05,0.475053,"K10",0.475053,0.524947
"PI273664",1e-05,1e-05,1e-05,1e-05,0.052793,0.028873,0.238411,0.191744,0.028153,0.459987,"K10",0.459987,0.540013
"PI251784",1e-05,0.054918,1e-05,0.152796,0.260047,1e-05,0.11015,1e-05,1e-05,0.42204,"K10",0.42204,0.57796
"ILL4830",0.089297,1e-05,1e-05,1e-05,1e-05,1e-05,0.116622,0.39645,1e-05,0.397572,"K10",0.397572,0.602428
"ILL7084",1e-05,1e-05,1e-05,1e-05,0.265989,1e-05,1e-05,0.355734,1e-05,0.378207,"K10",0.378207,0.621793
